<?xml version="1.0" encoding="UTF-8"?>
<cprover>
<program>JBMC 5.81.0 (cbmc-5.81.0)</program>
<message type="WARNING">
  <text>**** WARNING: Use --unwinding-assertions to obtain sound verification results</text>
</message>

<message type="STATUS-MESSAGE">
  <text>JBMC version 5.81.0 (cbmc-5.81.0) 64-bit x86_64 linux</text>
</message>

<message type="STATUS-MESSAGE">
  <text>Parsing ...</text>
</message>

<message type="STATUS-MESSAGE">
  <text>Trying to load Java main class: BlockQuickSort</text>
</message>

<message type="STATUS-MESSAGE">
  <text>Found Java main class: BlockQuickSort</text>
</message>

<message type="STATUS-MESSAGE">
  <text>Converting</text>
</message>

<message type="WARNING">
  <text>stub class symbol java::java.lang.Object already exists</text>
</message>

<message type="STATUS-MESSAGE">
  <text>Java: added 98 String or Class constant symbols</text>
</message>

<message type="STATUS-MESSAGE">
  <text>Generating GOTO Program</text>
</message>

<message type="STATUS-MESSAGE">
  <text>Running GOTO functions transformation passes</text>
</message>

<message type="STATUS-MESSAGE">
  <text>Running with 16 object bits, 48 offset bits (default)</text>
</message>

<message type="STATUS-MESSAGE">
  <text>Starting Bounded Model Checking</text>
</message>

<message type="STATUS-MESSAGE">
  <text>Unwinding loop java::BlockQuickSort.partitionVerf:([III)I.0 iteration 1 file BlockQuickSort.java line 3440 function java::BlockQuickSort.partitionVerf:([III)I bytecode-index 66 thread 0</text>
</message>

<message type="STATUS-MESSAGE">
  <text>Unwinding loop java::BlockQuickSort.partitionVerf:([III)I.0 iteration 2 file BlockQuickSort.java line 3440 function java::BlockQuickSort.partitionVerf:([III)I bytecode-index 66 thread 0</text>
</message>

<message type="STATUS-MESSAGE">
  <text>Not unwinding loop java::BlockQuickSort.partitionVerf:([III)I.0 iteration 3 file BlockQuickSort.java line 3440 function java::BlockQuickSort.partitionVerf:([III)I bytecode-index 66 thread 0</text>
</message>

<message type="STATUS-MESSAGE">
  <text>Unwinding loop java::BlockQuickSort.partitionVerf:([III)I.1 iteration 1 file BlockQuickSort.java line 3439 function java::BlockQuickSort.partitionVerf:([III)I bytecode-index 68 thread 0</text>
</message>

<message type="STATUS-MESSAGE">
  <text>Unwinding loop java::BlockQuickSort.partitionVerf:([III)I.0 iteration 1 file BlockQuickSort.java line 3440 function java::BlockQuickSort.partitionVerf:([III)I bytecode-index 66 thread 0</text>
</message>

<message type="STATUS-MESSAGE">
  <text>Unwinding loop java::BlockQuickSort.partitionVerf:([III)I.0 iteration 2 file BlockQuickSort.java line 3440 function java::BlockQuickSort.partitionVerf:([III)I bytecode-index 66 thread 0</text>
</message>

<message type="STATUS-MESSAGE">
  <text>Not unwinding loop java::BlockQuickSort.partitionVerf:([III)I.0 iteration 3 file BlockQuickSort.java line 3440 function java::BlockQuickSort.partitionVerf:([III)I bytecode-index 66 thread 0</text>
</message>

<message type="STATUS-MESSAGE">
  <text>Unwinding loop java::BlockQuickSort.partitionVerf:([III)I.1 iteration 2 file BlockQuickSort.java line 3439 function java::BlockQuickSort.partitionVerf:([III)I bytecode-index 68 thread 0</text>
</message>

<message type="STATUS-MESSAGE">
  <text>Unwinding loop java::BlockQuickSort.partitionVerf:([III)I.0 iteration 1 file BlockQuickSort.java line 3440 function java::BlockQuickSort.partitionVerf:([III)I bytecode-index 66 thread 0</text>
</message>

<message type="STATUS-MESSAGE">
  <text>Unwinding loop java::BlockQuickSort.partitionVerf:([III)I.0 iteration 2 file BlockQuickSort.java line 3440 function java::BlockQuickSort.partitionVerf:([III)I bytecode-index 66 thread 0</text>
</message>

<message type="STATUS-MESSAGE">
  <text>Not unwinding loop java::BlockQuickSort.partitionVerf:([III)I.0 iteration 3 file BlockQuickSort.java line 3440 function java::BlockQuickSort.partitionVerf:([III)I bytecode-index 66 thread 0</text>
</message>

<message type="STATUS-MESSAGE">
  <text>Not unwinding loop java::BlockQuickSort.partitionVerf:([III)I.1 iteration 3 file BlockQuickSort.java line 3439 function java::BlockQuickSort.partitionVerf:([III)I bytecode-index 68 thread 0</text>
</message>

<message type="STATUS-MESSAGE">
  <text>Unwinding recursion java::BlockQuickSort.&lt;clinit_wrapper&gt; iteration 1</text>
</message>

<message type="STATUS-MESSAGE">
  <text>aborting path on assume(false) at file BlockQuickSort.java line 3463 function java::BlockQuickSort.partitionVerf:([III)I bytecode-index 108 thread 0</text>
</message>

<message type="STATUS-MESSAGE">
  <text>aborting path on assume(false) at file BlockQuickSort.java line 3464 function java::BlockQuickSort.partitionVerf:([III)I bytecode-index 138 thread 0</text>
</message>

<message type="STATUS-MESSAGE">
  <text>aborting path on assume(false) at file BlockQuickSort.java line 3465 function java::BlockQuickSort.partitionVerf:([III)I bytecode-index 160 thread 0</text>
</message>

<message type="STATUS-MESSAGE">
  <text>aborting path on assume(false) at file BlockQuickSort.java line 235 function java::BlockQuickSort.medianOf3Symb:([III)I bytecode-index 17 thread 0</text>
</message>

<message type="STATUS-MESSAGE">
  <text>aborting path on assume(false) at file BlockQuickSort.java line 236 function java::BlockQuickSort.medianOf3Symb:([III)I bytecode-index 28 thread 0</text>
</message>

<message type="STATUS-MESSAGE">
  <text>aborting path on assume(false) at file BlockQuickSort.java line 237 function java::BlockQuickSort.medianOf3Symb:([III)I bytecode-index 37 thread 0</text>
</message>

<message type="STATUS-MESSAGE">
  <text>aborting path on assume(false) at file BlockQuickSort.java line 238 function java::BlockQuickSort.medianOf3Symb:([III)I bytecode-index 46 thread 0</text>
</message>

<message type="STATUS-MESSAGE">
  <text>aborting path on assume(false) at file BlockQuickSort.java line 239 function java::BlockQuickSort.medianOf3Symb:([III)I bytecode-index 56 thread 0</text>
</message>

<message type="STATUS-MESSAGE">
  <text>Unwinding recursion java::org.cprover.CProver.&lt;clinit_wrapper&gt; iteration 1</text>
</message>

<message type="STATUS-MESSAGE">
  <text>Unwinding recursion java::org.cprover.CProver.&lt;clinit_wrapper&gt; iteration 1</text>
</message>

<message type="STATUS-MESSAGE">
  <text>Unwinding loop java::BlockQuickSort.medianOf3Symb:([III)I.0 iteration 1 file BlockQuickSort.java line 244 function java::BlockQuickSort.medianOf3Symb:([III)I bytecode-index 90 thread 0</text>
</message>

<message type="STATUS-MESSAGE">
  <text>Unwinding loop java::BlockQuickSort.medianOf3Symb:([III)I.0 iteration 2 file BlockQuickSort.java line 244 function java::BlockQuickSort.medianOf3Symb:([III)I bytecode-index 90 thread 0</text>
</message>

<message type="STATUS-MESSAGE">
  <text>Not unwinding loop java::BlockQuickSort.medianOf3Symb:([III)I.0 iteration 3 file BlockQuickSort.java line 244 function java::BlockQuickSort.medianOf3Symb:([III)I bytecode-index 90 thread 0</text>
</message>

<message type="STATUS-MESSAGE">
  <text>Unwinding loop java::BlockQuickSort.medianOf3Symb:([III)I.1 iteration 1 file BlockQuickSort.java line 243 function java::BlockQuickSort.medianOf3Symb:([III)I bytecode-index 92 thread 0</text>
</message>

<message type="STATUS-MESSAGE">
  <text>Unwinding loop java::BlockQuickSort.medianOf3Symb:([III)I.0 iteration 1 file BlockQuickSort.java line 244 function java::BlockQuickSort.medianOf3Symb:([III)I bytecode-index 90 thread 0</text>
</message>

<message type="STATUS-MESSAGE">
  <text>Unwinding loop java::BlockQuickSort.medianOf3Symb:([III)I.0 iteration 2 file BlockQuickSort.java line 244 function java::BlockQuickSort.medianOf3Symb:([III)I bytecode-index 90 thread 0</text>
</message>

<message type="STATUS-MESSAGE">
  <text>Not unwinding loop java::BlockQuickSort.medianOf3Symb:([III)I.0 iteration 3 file BlockQuickSort.java line 244 function java::BlockQuickSort.medianOf3Symb:([III)I bytecode-index 90 thread 0</text>
</message>

<message type="STATUS-MESSAGE">
  <text>Unwinding loop java::BlockQuickSort.medianOf3Symb:([III)I.1 iteration 2 file BlockQuickSort.java line 243 function java::BlockQuickSort.medianOf3Symb:([III)I bytecode-index 92 thread 0</text>
</message>

<message type="STATUS-MESSAGE">
  <text>Unwinding loop java::BlockQuickSort.medianOf3Symb:([III)I.0 iteration 1 file BlockQuickSort.java line 244 function java::BlockQuickSort.medianOf3Symb:([III)I bytecode-index 90 thread 0</text>
</message>

<message type="STATUS-MESSAGE">
  <text>Unwinding loop java::BlockQuickSort.medianOf3Symb:([III)I.0 iteration 2 file BlockQuickSort.java line 244 function java::BlockQuickSort.medianOf3Symb:([III)I bytecode-index 90 thread 0</text>
</message>

<message type="STATUS-MESSAGE">
  <text>Not unwinding loop java::BlockQuickSort.medianOf3Symb:([III)I.0 iteration 3 file BlockQuickSort.java line 244 function java::BlockQuickSort.medianOf3Symb:([III)I bytecode-index 90 thread 0</text>
</message>

<message type="STATUS-MESSAGE">
  <text>Not unwinding loop java::BlockQuickSort.medianOf3Symb:([III)I.1 iteration 3 file BlockQuickSort.java line 243 function java::BlockQuickSort.medianOf3Symb:([III)I bytecode-index 92 thread 0</text>
</message>

<message type="STATUS-MESSAGE">
  <text>Unwinding loop java::BlockQuickSort.medianOf3Symb:([III)I.2 iteration 1 file BlockQuickSort.java line 265 function java::BlockQuickSort.medianOf3Symb:([III)I bytecode-index 194 thread 0</text>
</message>

<message type="STATUS-MESSAGE">
  <text>Unwinding loop java::BlockQuickSort.medianOf3Symb:([III)I.2 iteration 2 file BlockQuickSort.java line 265 function java::BlockQuickSort.medianOf3Symb:([III)I bytecode-index 194 thread 0</text>
</message>

<message type="STATUS-MESSAGE">
  <text>Not unwinding loop java::BlockQuickSort.medianOf3Symb:([III)I.2 iteration 3 file BlockQuickSort.java line 265 function java::BlockQuickSort.medianOf3Symb:([III)I bytecode-index 194 thread 0</text>
</message>

<message type="STATUS-MESSAGE">
  <text>Unwinding loop java::BlockQuickSort.medianOf3Symb:([III)I.3 iteration 1 file BlockQuickSort.java line 269 function java::BlockQuickSort.medianOf3Symb:([III)I bytecode-index 221 thread 0</text>
</message>

<message type="STATUS-MESSAGE">
  <text>Unwinding loop java::BlockQuickSort.medianOf3Symb:([III)I.3 iteration 2 file BlockQuickSort.java line 269 function java::BlockQuickSort.medianOf3Symb:([III)I bytecode-index 221 thread 0</text>
</message>

<message type="STATUS-MESSAGE">
  <text>Not unwinding loop java::BlockQuickSort.medianOf3Symb:([III)I.3 iteration 3 file BlockQuickSort.java line 269 function java::BlockQuickSort.medianOf3Symb:([III)I bytecode-index 221 thread 0</text>
</message>

<message type="STATUS-MESSAGE">
  <text>Unwinding loop java::BlockQuickSort.medianOf3Symb:([III)I.4 iteration 1 file BlockQuickSort.java line 264 function java::BlockQuickSort.medianOf3Symb:([III)I bytecode-index 232 thread 0</text>
</message>

<message type="STATUS-MESSAGE">
  <text>Unwinding loop java::BlockQuickSort.medianOf3Symb:([III)I.2 iteration 1 file BlockQuickSort.java line 265 function java::BlockQuickSort.medianOf3Symb:([III)I bytecode-index 194 thread 0</text>
</message>

<message type="STATUS-MESSAGE">
  <text>Unwinding loop java::BlockQuickSort.medianOf3Symb:([III)I.2 iteration 2 file BlockQuickSort.java line 265 function java::BlockQuickSort.medianOf3Symb:([III)I bytecode-index 194 thread 0</text>
</message>

<message type="STATUS-MESSAGE">
  <text>Not unwinding loop java::BlockQuickSort.medianOf3Symb:([III)I.2 iteration 3 file BlockQuickSort.java line 265 function java::BlockQuickSort.medianOf3Symb:([III)I bytecode-index 194 thread 0</text>
</message>

<message type="STATUS-MESSAGE">
  <text>Unwinding loop java::BlockQuickSort.medianOf3Symb:([III)I.3 iteration 1 file BlockQuickSort.java line 269 function java::BlockQuickSort.medianOf3Symb:([III)I bytecode-index 221 thread 0</text>
</message>

<message type="STATUS-MESSAGE">
  <text>Unwinding loop java::BlockQuickSort.medianOf3Symb:([III)I.3 iteration 2 file BlockQuickSort.java line 269 function java::BlockQuickSort.medianOf3Symb:([III)I bytecode-index 221 thread 0</text>
</message>

<message type="STATUS-MESSAGE">
  <text>Not unwinding loop java::BlockQuickSort.medianOf3Symb:([III)I.3 iteration 3 file BlockQuickSort.java line 269 function java::BlockQuickSort.medianOf3Symb:([III)I bytecode-index 221 thread 0</text>
</message>

<message type="STATUS-MESSAGE">
  <text>Unwinding loop java::BlockQuickSort.medianOf3Symb:([III)I.4 iteration 2 file BlockQuickSort.java line 264 function java::BlockQuickSort.medianOf3Symb:([III)I bytecode-index 232 thread 0</text>
</message>

<message type="STATUS-MESSAGE">
  <text>Unwinding loop java::BlockQuickSort.medianOf3Symb:([III)I.2 iteration 1 file BlockQuickSort.java line 265 function java::BlockQuickSort.medianOf3Symb:([III)I bytecode-index 194 thread 0</text>
</message>

<message type="STATUS-MESSAGE">
  <text>Unwinding loop java::BlockQuickSort.medianOf3Symb:([III)I.2 iteration 2 file BlockQuickSort.java line 265 function java::BlockQuickSort.medianOf3Symb:([III)I bytecode-index 194 thread 0</text>
</message>

<message type="STATUS-MESSAGE">
  <text>Not unwinding loop java::BlockQuickSort.medianOf3Symb:([III)I.2 iteration 3 file BlockQuickSort.java line 265 function java::BlockQuickSort.medianOf3Symb:([III)I bytecode-index 194 thread 0</text>
</message>

<message type="STATUS-MESSAGE">
  <text>Unwinding loop java::BlockQuickSort.medianOf3Symb:([III)I.3 iteration 1 file BlockQuickSort.java line 269 function java::BlockQuickSort.medianOf3Symb:([III)I bytecode-index 221 thread 0</text>
</message>

<message type="STATUS-MESSAGE">
  <text>Unwinding loop java::BlockQuickSort.medianOf3Symb:([III)I.3 iteration 2 file BlockQuickSort.java line 269 function java::BlockQuickSort.medianOf3Symb:([III)I bytecode-index 221 thread 0</text>
</message>

<message type="STATUS-MESSAGE">
  <text>Not unwinding loop java::BlockQuickSort.medianOf3Symb:([III)I.3 iteration 3 file BlockQuickSort.java line 269 function java::BlockQuickSort.medianOf3Symb:([III)I bytecode-index 221 thread 0</text>
</message>

<message type="STATUS-MESSAGE">
  <text>Not unwinding loop java::BlockQuickSort.medianOf3Symb:([III)I.4 iteration 3 file BlockQuickSort.java line 264 function java::BlockQuickSort.medianOf3Symb:([III)I bytecode-index 232 thread 0</text>
</message>

<message type="STATUS-MESSAGE">
  <text>aborting path on assume(false) at file BlockQuickSort.java line 3471 function java::BlockQuickSort.partitionVerf:([III)I bytecode-index 197 thread 0</text>
</message>

<message type="STATUS-MESSAGE">
  <text>aborting path on assume(false) at file BlockQuickSort.java line 19 function java::BlockQuickSort.hoareBlockPartitionSymb:([IIII)I bytecode-index 17 thread 0</text>
</message>

<message type="STATUS-MESSAGE">
  <text>aborting path on assume(false) at file BlockQuickSort.java line 20 function java::BlockQuickSort.hoareBlockPartitionSymb:([IIII)I bytecode-index 28 thread 0</text>
</message>

<message type="STATUS-MESSAGE">
  <text>aborting path on assume(false) at file BlockQuickSort.java line 21 function java::BlockQuickSort.hoareBlockPartitionSymb:([IIII)I bytecode-index 39 thread 0</text>
</message>

<message type="STATUS-MESSAGE">
  <text>aborting path on assume(false) at file BlockQuickSort.java line 22 function java::BlockQuickSort.hoareBlockPartitionSymb:([IIII)I bytecode-index 48 thread 0</text>
</message>

<message type="STATUS-MESSAGE">
  <text>aborting path on assume(false) at file BlockQuickSort.java line 23 function java::BlockQuickSort.hoareBlockPartitionSymb:([IIII)I bytecode-index 57 thread 0</text>
</message>

<message type="STATUS-MESSAGE">
  <text>aborting path on assume(false) at file BlockQuickSort.java line 24 function java::BlockQuickSort.hoareBlockPartitionSymb:([IIII)I bytecode-index 67 thread 0</text>
</message>

<message type="STATUS-MESSAGE">
  <text>aborting path on assume(false) at file BlockQuickSort.java line 25 function java::BlockQuickSort.hoareBlockPartitionSymb:([IIII)I bytecode-index 76 thread 0</text>
</message>

<message type="STATUS-MESSAGE">
  <text>aborting path on assume(false) at file BlockQuickSort.java line 26 function java::BlockQuickSort.hoareBlockPartitionSymb:([IIII)I bytecode-index 85 thread 0</text>
</message>

<message type="STATUS-MESSAGE">
  <text>Unwinding loop java::BlockQuickSort.hoareBlockPartitionSymb:([IIII)I.0 iteration 1 file BlockQuickSort.java line 32 function java::BlockQuickSort.hoareBlockPartitionSymb:([IIII)I bytecode-index 123 thread 0</text>
</message>

<message type="STATUS-MESSAGE">
  <text>Unwinding loop java::BlockQuickSort.hoareBlockPartitionSymb:([IIII)I.0 iteration 2 file BlockQuickSort.java line 32 function java::BlockQuickSort.hoareBlockPartitionSymb:([IIII)I bytecode-index 123 thread 0</text>
</message>

<message type="STATUS-MESSAGE">
  <text>Not unwinding loop java::BlockQuickSort.hoareBlockPartitionSymb:([IIII)I.0 iteration 3 file BlockQuickSort.java line 32 function java::BlockQuickSort.hoareBlockPartitionSymb:([IIII)I bytecode-index 123 thread 0</text>
</message>

<message type="STATUS-MESSAGE">
  <text>Unwinding loop java::BlockQuickSort.hoareBlockPartitionSymb:([IIII)I.1 iteration 1 file BlockQuickSort.java line 31 function java::BlockQuickSort.hoareBlockPartitionSymb:([IIII)I bytecode-index 125 thread 0</text>
</message>

<message type="STATUS-MESSAGE">
  <text>Unwinding loop java::BlockQuickSort.hoareBlockPartitionSymb:([IIII)I.0 iteration 1 file BlockQuickSort.java line 32 function java::BlockQuickSort.hoareBlockPartitionSymb:([IIII)I bytecode-index 123 thread 0</text>
</message>

<message type="STATUS-MESSAGE">
  <text>Unwinding loop java::BlockQuickSort.hoareBlockPartitionSymb:([IIII)I.0 iteration 2 file BlockQuickSort.java line 32 function java::BlockQuickSort.hoareBlockPartitionSymb:([IIII)I bytecode-index 123 thread 0</text>
</message>

<message type="STATUS-MESSAGE">
  <text>Not unwinding loop java::BlockQuickSort.hoareBlockPartitionSymb:([IIII)I.0 iteration 3 file BlockQuickSort.java line 32 function java::BlockQuickSort.hoareBlockPartitionSymb:([IIII)I bytecode-index 123 thread 0</text>
</message>

<message type="STATUS-MESSAGE">
  <text>Unwinding loop java::BlockQuickSort.hoareBlockPartitionSymb:([IIII)I.1 iteration 2 file BlockQuickSort.java line 31 function java::BlockQuickSort.hoareBlockPartitionSymb:([IIII)I bytecode-index 125 thread 0</text>
</message>

<message type="STATUS-MESSAGE">
  <text>Unwinding loop java::BlockQuickSort.hoareBlockPartitionSymb:([IIII)I.0 iteration 1 file BlockQuickSort.java line 32 function java::BlockQuickSort.hoareBlockPartitionSymb:([IIII)I bytecode-index 123 thread 0</text>
</message>

<message type="STATUS-MESSAGE">
  <text>Unwinding loop java::BlockQuickSort.hoareBlockPartitionSymb:([IIII)I.0 iteration 2 file BlockQuickSort.java line 32 function java::BlockQuickSort.hoareBlockPartitionSymb:([IIII)I bytecode-index 123 thread 0</text>
</message>

<message type="STATUS-MESSAGE">
  <text>Not unwinding loop java::BlockQuickSort.hoareBlockPartitionSymb:([IIII)I.0 iteration 3 file BlockQuickSort.java line 32 function java::BlockQuickSort.hoareBlockPartitionSymb:([IIII)I bytecode-index 123 thread 0</text>
</message>

<message type="STATUS-MESSAGE">
  <text>Not unwinding loop java::BlockQuickSort.hoareBlockPartitionSymb:([IIII)I.1 iteration 3 file BlockQuickSort.java line 31 function java::BlockQuickSort.hoareBlockPartitionSymb:([IIII)I bytecode-index 125 thread 0</text>
</message>

<message type="STATUS-MESSAGE">
  <text>Unwinding loop java::BlockQuickSort.hoareBlockPartitionSymb:([IIII)I.2 iteration 1 file BlockQuickSort.java line 44 function java::BlockQuickSort.hoareBlockPartitionSymb:([IIII)I bytecode-index 140 thread 0</text>
</message>

<message type="STATUS-MESSAGE">
  <text>Unwinding loop java::BlockQuickSort.hoareBlockPartitionSymb:([IIII)I.2 iteration 2 file BlockQuickSort.java line 44 function java::BlockQuickSort.hoareBlockPartitionSymb:([IIII)I bytecode-index 140 thread 0</text>
</message>

<message type="STATUS-MESSAGE">
  <text>Not unwinding loop java::BlockQuickSort.hoareBlockPartitionSymb:([IIII)I.2 iteration 3 file BlockQuickSort.java line 44 function java::BlockQuickSort.hoareBlockPartitionSymb:([IIII)I bytecode-index 140 thread 0</text>
</message>

<message type="STATUS-MESSAGE">
  <text>Unwinding loop java::BlockQuickSort.hoareBlockPartitionSymb:([IIII)I.3 iteration 1 file BlockQuickSort.java line 54 function java::BlockQuickSort.hoareBlockPartitionSymb:([IIII)I bytecode-index 192 thread 0</text>
</message>

<message type="STATUS-MESSAGE">
  <text>Unwinding loop java::BlockQuickSort.hoareBlockPartitionSymb:([IIII)I.3 iteration 2 file BlockQuickSort.java line 54 function java::BlockQuickSort.hoareBlockPartitionSymb:([IIII)I bytecode-index 192 thread 0</text>
</message>

<message type="STATUS-MESSAGE">
  <text>Not unwinding loop java::BlockQuickSort.hoareBlockPartitionSymb:([IIII)I.3 iteration 3 file BlockQuickSort.java line 54 function java::BlockQuickSort.hoareBlockPartitionSymb:([IIII)I bytecode-index 192 thread 0</text>
</message>

<message type="STATUS-MESSAGE">
  <text>Unwinding loop java::BlockQuickSort.hoareBlockPartitionSymb:([IIII)I.4 iteration 1 file BlockQuickSort.java line 60 function java::BlockQuickSort.hoareBlockPartitionSymb:([IIII)I bytecode-index 221 thread 0</text>
</message>

<message type="STATUS-MESSAGE">
  <text>Unwinding loop java::BlockQuickSort.hoareBlockPartitionSymb:([IIII)I.4 iteration 2 file BlockQuickSort.java line 60 function java::BlockQuickSort.hoareBlockPartitionSymb:([IIII)I bytecode-index 221 thread 0</text>
</message>

<message type="STATUS-MESSAGE">
  <text>Not unwinding loop java::BlockQuickSort.hoareBlockPartitionSymb:([IIII)I.4 iteration 3 file BlockQuickSort.java line 60 function java::BlockQuickSort.hoareBlockPartitionSymb:([IIII)I bytecode-index 221 thread 0</text>
</message>

<message type="STATUS-MESSAGE">
  <text>Unwinding loop java::BlockQuickSort.hoareBlockPartitionSymb:([IIII)I.5 iteration 1 file BlockQuickSort.java line 69 function java::BlockQuickSort.hoareBlockPartitionSymb:([IIII)I bytecode-index 264 thread 0</text>
</message>

<message type="STATUS-MESSAGE">
  <text>Unwinding loop java::BlockQuickSort.hoareBlockPartitionSymb:([IIII)I.5 iteration 2 file BlockQuickSort.java line 69 function java::BlockQuickSort.hoareBlockPartitionSymb:([IIII)I bytecode-index 264 thread 0</text>
</message>

<message type="STATUS-MESSAGE">
  <text>Not unwinding loop java::BlockQuickSort.hoareBlockPartitionSymb:([IIII)I.5 iteration 3 file BlockQuickSort.java line 69 function java::BlockQuickSort.hoareBlockPartitionSymb:([IIII)I bytecode-index 264 thread 0</text>
</message>

<message type="STATUS-MESSAGE">
  <text>Unwinding loop java::BlockQuickSort.hoareBlockPartitionSymb:([IIII)I.6 iteration 1 file BlockQuickSort.java line 73 function java::BlockQuickSort.hoareBlockPartitionSymb:([IIII)I bytecode-index 291 thread 0</text>
</message>

<message type="STATUS-MESSAGE">
  <text>Unwinding loop java::BlockQuickSort.hoareBlockPartitionSymb:([IIII)I.6 iteration 2 file BlockQuickSort.java line 73 function java::BlockQuickSort.hoareBlockPartitionSymb:([IIII)I bytecode-index 291 thread 0</text>
</message>

<message type="STATUS-MESSAGE">
  <text>Not unwinding loop java::BlockQuickSort.hoareBlockPartitionSymb:([IIII)I.6 iteration 3 file BlockQuickSort.java line 73 function java::BlockQuickSort.hoareBlockPartitionSymb:([IIII)I bytecode-index 291 thread 0</text>
</message>

<message type="STATUS-MESSAGE">
  <text>Unwinding loop java::BlockQuickSort.hoareBlockPartitionSymb:([IIII)I.7 iteration 1 file BlockQuickSort.java line 68 function java::BlockQuickSort.hoareBlockPartitionSymb:([IIII)I bytecode-index 302 thread 0</text>
</message>

<message type="STATUS-MESSAGE">
  <text>Unwinding loop java::BlockQuickSort.hoareBlockPartitionSymb:([IIII)I.5 iteration 1 file BlockQuickSort.java line 69 function java::BlockQuickSort.hoareBlockPartitionSymb:([IIII)I bytecode-index 264 thread 0</text>
</message>

<message type="STATUS-MESSAGE">
  <text>Unwinding loop java::BlockQuickSort.hoareBlockPartitionSymb:([IIII)I.5 iteration 2 file BlockQuickSort.java line 69 function java::BlockQuickSort.hoareBlockPartitionSymb:([IIII)I bytecode-index 264 thread 0</text>
</message>

<message type="STATUS-MESSAGE">
  <text>Not unwinding loop java::BlockQuickSort.hoareBlockPartitionSymb:([IIII)I.5 iteration 3 file BlockQuickSort.java line 69 function java::BlockQuickSort.hoareBlockPartitionSymb:([IIII)I bytecode-index 264 thread 0</text>
</message>

<message type="STATUS-MESSAGE">
  <text>Unwinding loop java::BlockQuickSort.hoareBlockPartitionSymb:([IIII)I.6 iteration 1 file BlockQuickSort.java line 73 function java::BlockQuickSort.hoareBlockPartitionSymb:([IIII)I bytecode-index 291 thread 0</text>
</message>

<message type="STATUS-MESSAGE">
  <text>Unwinding loop java::BlockQuickSort.hoareBlockPartitionSymb:([IIII)I.6 iteration 2 file BlockQuickSort.java line 73 function java::BlockQuickSort.hoareBlockPartitionSymb:([IIII)I bytecode-index 291 thread 0</text>
</message>

<message type="STATUS-MESSAGE">
  <text>Not unwinding loop java::BlockQuickSort.hoareBlockPartitionSymb:([IIII)I.6 iteration 3 file BlockQuickSort.java line 73 function java::BlockQuickSort.hoareBlockPartitionSymb:([IIII)I bytecode-index 291 thread 0</text>
</message>

<message type="STATUS-MESSAGE">
  <text>Unwinding loop java::BlockQuickSort.hoareBlockPartitionSymb:([IIII)I.7 iteration 2 file BlockQuickSort.java line 68 function java::BlockQuickSort.hoareBlockPartitionSymb:([IIII)I bytecode-index 302 thread 0</text>
</message>

<message type="STATUS-MESSAGE">
  <text>Unwinding loop java::BlockQuickSort.hoareBlockPartitionSymb:([IIII)I.5 iteration 1 file BlockQuickSort.java line 69 function java::BlockQuickSort.hoareBlockPartitionSymb:([IIII)I bytecode-index 264 thread 0</text>
</message>

<message type="STATUS-MESSAGE">
  <text>Unwinding loop java::BlockQuickSort.hoareBlockPartitionSymb:([IIII)I.5 iteration 2 file BlockQuickSort.java line 69 function java::BlockQuickSort.hoareBlockPartitionSymb:([IIII)I bytecode-index 264 thread 0</text>
</message>

<message type="STATUS-MESSAGE">
  <text>Not unwinding loop java::BlockQuickSort.hoareBlockPartitionSymb:([IIII)I.5 iteration 3 file BlockQuickSort.java line 69 function java::BlockQuickSort.hoareBlockPartitionSymb:([IIII)I bytecode-index 264 thread 0</text>
</message>

<message type="STATUS-MESSAGE">
  <text>Unwinding loop java::BlockQuickSort.hoareBlockPartitionSymb:([IIII)I.6 iteration 1 file BlockQuickSort.java line 73 function java::BlockQuickSort.hoareBlockPartitionSymb:([IIII)I bytecode-index 291 thread 0</text>
</message>

<message type="STATUS-MESSAGE">
  <text>Unwinding loop java::BlockQuickSort.hoareBlockPartitionSymb:([IIII)I.6 iteration 2 file BlockQuickSort.java line 73 function java::BlockQuickSort.hoareBlockPartitionSymb:([IIII)I bytecode-index 291 thread 0</text>
</message>

<message type="STATUS-MESSAGE">
  <text>Not unwinding loop java::BlockQuickSort.hoareBlockPartitionSymb:([IIII)I.6 iteration 3 file BlockQuickSort.java line 73 function java::BlockQuickSort.hoareBlockPartitionSymb:([IIII)I bytecode-index 291 thread 0</text>
</message>

<message type="STATUS-MESSAGE">
  <text>Not unwinding loop java::BlockQuickSort.hoareBlockPartitionSymb:([IIII)I.7 iteration 3 file BlockQuickSort.java line 68 function java::BlockQuickSort.hoareBlockPartitionSymb:([IIII)I bytecode-index 302 thread 0</text>
</message>

<message type="STATUS-MESSAGE">
  <text>aborting path on assume(false) at file BlockQuickSort.java line 3482 function java::BlockQuickSort.partitionVerf:([III)I bytecode-index 218 thread 0</text>
</message>

<message type="STATUS-MESSAGE">
  <text>aborting path on assume(false) at file BlockQuickSort.java line 3487 function java::BlockQuickSort.partitionVerf:([III)I bytecode-index 227 thread 0</text>
</message>

<message type="STATUS-MESSAGE">
  <text>aborting path on assume(false) at file BlockQuickSort.java line 3488 function java::BlockQuickSort.partitionVerf:([III)I bytecode-index 236 thread 0</text>
</message>

<message type="STATUS-MESSAGE">
  <text>aborting path on assume(false) at file BlockQuickSort.java line 3495 function java::BlockQuickSort.partitionVerf:([III)I bytecode-index 257 thread 0</text>
</message>

<message type="STATUS-MESSAGE">
  <text>aborting path on assume(false) at file BlockQuickSort.java line 3500 function java::BlockQuickSort.partitionVerf:([III)I bytecode-index 278 thread 0</text>
</message>

<message type="STATUS-MESSAGE">
  <text>Unwinding loop java::BlockQuickSort.partitionVerf:([III)I.2 iteration 1 file BlockQuickSort.java line 3508 function java::BlockQuickSort.partitionVerf:([III)I bytecode-index 315 thread 0</text>
</message>

<message type="STATUS-MESSAGE">
  <text>Unwinding loop java::BlockQuickSort.partitionVerf:([III)I.2 iteration 2 file BlockQuickSort.java line 3508 function java::BlockQuickSort.partitionVerf:([III)I bytecode-index 315 thread 0</text>
</message>

<message type="STATUS-MESSAGE">
  <text>Not unwinding loop java::BlockQuickSort.partitionVerf:([III)I.2 iteration 3 file BlockQuickSort.java line 3508 function java::BlockQuickSort.partitionVerf:([III)I bytecode-index 315 thread 0</text>
</message>

<message type="STATUS-MESSAGE">
  <text>Unwinding loop java::BlockQuickSort.partitionVerf:([III)I.3 iteration 1 file BlockQuickSort.java line 3512 function java::BlockQuickSort.partitionVerf:([III)I bytecode-index 342 thread 0</text>
</message>

<message type="STATUS-MESSAGE">
  <text>Unwinding loop java::BlockQuickSort.partitionVerf:([III)I.3 iteration 2 file BlockQuickSort.java line 3512 function java::BlockQuickSort.partitionVerf:([III)I bytecode-index 342 thread 0</text>
</message>

<message type="STATUS-MESSAGE">
  <text>Not unwinding loop java::BlockQuickSort.partitionVerf:([III)I.3 iteration 3 file BlockQuickSort.java line 3512 function java::BlockQuickSort.partitionVerf:([III)I bytecode-index 342 thread 0</text>
</message>

<message type="STATUS-MESSAGE">
  <text>aborting path on assume(false) at file BlockQuickSort.java line 3518 function java::BlockQuickSort.partitionVerf:([III)I bytecode-index 357 thread 0</text>
</message>

<message type="STATUS-MESSAGE">
  <text>Runtime Symex: 0.446498s</text>
</message>

<message type="STATUS-MESSAGE">
  <text>size of program expression: 3379 steps</text>
</message>

<message type="STATUS-MESSAGE">
  <text>simple slicing removed 10 assignments</text>
</message>

<message type="STATUS-MESSAGE">
  <text>Generated 616 VCC(s), 389 remaining after simplification</text>
</message>

<message type="STATUS-MESSAGE">
  <text>Runtime Postprocess Equation: 0.000737598s</text>
</message>

<message type="STATUS-MESSAGE">
  <text>Passing problem to string refinement loop with MiniSAT 2.2.1 without simplifier</text>
</message>

<message type="STATUS-MESSAGE">
  <text>converting SSA</text>
</message>

<message type="STATUS-MESSAGE">
  <text>Runtime Convert SSA: 0.0696414s</text>
</message>

<message type="STATUS-MESSAGE">
  <text>Running string refinement loop with MiniSAT 2.2.1 without simplifier</text>
</message>

<message type="STATUS-MESSAGE">
  <text>BV-Refinement: post-processing</text>
</message>

<message type="STATUS-MESSAGE">
  <text>BV-Refinement: iteration 1</text>
</message>

<refinement-iteration>1</refinement-iteration>

<message type="STATUS-MESSAGE">
  <text>56922 variables, 218771 clauses</text>
</message>

<message type="STATUS-MESSAGE">
  <text>SAT checker: instance is UNSATISFIABLE</text>
</message>

<message type="STATUS-MESSAGE">
  <text>
BV-Refinement: got UNSAT, and the proof passes =&gt; UNSAT</text>
</message>

<message type="STATUS-MESSAGE">
  <text>Total iterations: 1</text>
</message>

<message type="STATUS-MESSAGE">
  <text>Runtime Solver: 0.0601433s</text>
</message>

<message type="STATUS-MESSAGE">
  <text>Runtime decision procedure: 0.131332s</text>
</message>

<result property="java::BlockQuickSort$ReturnException.&lt;init&gt;:()V.null-pointer-exception.1" status="SUCCESS">
  <location file="BlockQuickSort.java" function="java::BlockQuickSort$ReturnException.&lt;init&gt;:()V" line="4020"/>
</result>

<result property="java::BlockQuickSort.medianOf3Symb:([III)I.null-pointer-exception.1" status="SUCCESS">
  <location file="BlockQuickSort.java" function="java::BlockQuickSort.medianOf3Symb:([III)I" line="234"/>
</result>

<result property="java::BlockQuickSort.medianOf3Symb:([III)I.assertion.1" status="SUCCESS">
  <location file="BlockQuickSort.java" function="java::BlockQuickSort.medianOf3Symb:([III)I" line="234"/>
</result>

<result property="java::BlockQuickSort.medianOf3Symb:([III)I.null-pointer-exception.2" status="SUCCESS">
  <location file="BlockQuickSort.java" function="java::BlockQuickSort.medianOf3Symb:([III)I" line="235"/>
</result>

<result property="java::BlockQuickSort.medianOf3Symb:([III)I.null-pointer-exception.3" status="SUCCESS">
  <location file="BlockQuickSort.java" function="java::BlockQuickSort.medianOf3Symb:([III)I" line="235"/>
</result>

<result property="java::BlockQuickSort.medianOf3Symb:([III)I.assertion.2" status="SUCCESS">
  <location file="BlockQuickSort.java" function="java::BlockQuickSort.medianOf3Symb:([III)I" line="235"/>
</result>

<result property="java::BlockQuickSort.medianOf3Symb:([III)I.null-pointer-exception.4" status="SUCCESS">
  <location file="BlockQuickSort.java" function="java::BlockQuickSort.medianOf3Symb:([III)I" line="236"/>
</result>

<result property="java::BlockQuickSort.medianOf3Symb:([III)I.assertion.3" status="SUCCESS">
  <location file="BlockQuickSort.java" function="java::BlockQuickSort.medianOf3Symb:([III)I" line="236"/>
</result>

<result property="java::BlockQuickSort.medianOf3Symb:([III)I.null-pointer-exception.5" status="SUCCESS">
  <location file="BlockQuickSort.java" function="java::BlockQuickSort.medianOf3Symb:([III)I" line="237"/>
</result>

<result property="java::BlockQuickSort.medianOf3Symb:([III)I.assertion.4" status="SUCCESS">
  <location file="BlockQuickSort.java" function="java::BlockQuickSort.medianOf3Symb:([III)I" line="237"/>
</result>

<result property="java::BlockQuickSort.medianOf3Symb:([III)I.null-pointer-exception.6" status="SUCCESS">
  <location file="BlockQuickSort.java" function="java::BlockQuickSort.medianOf3Symb:([III)I" line="238"/>
</result>

<result property="java::BlockQuickSort.medianOf3Symb:([III)I.assertion.5" status="SUCCESS">
  <location file="BlockQuickSort.java" function="java::BlockQuickSort.medianOf3Symb:([III)I" line="238"/>
</result>

<result property="java::BlockQuickSort.medianOf3Symb:([III)I.null-pointer-exception.7" status="SUCCESS">
  <location file="BlockQuickSort.java" function="java::BlockQuickSort.medianOf3Symb:([III)I" line="239"/>
</result>

<result property="java::BlockQuickSort.medianOf3Symb:([III)I.null-pointer-exception.8" status="SUCCESS">
  <location file="BlockQuickSort.java" function="java::BlockQuickSort.medianOf3Symb:([III)I" line="239"/>
</result>

<result property="java::BlockQuickSort.medianOf3Symb:([III)I.assertion.6" status="SUCCESS">
  <location file="BlockQuickSort.java" function="java::BlockQuickSort.medianOf3Symb:([III)I" line="239"/>
</result>

<result property="java::BlockQuickSort.medianOf3Symb:([III)I.null-pointer-exception.9" status="SUCCESS">
  <location file="BlockQuickSort.java" function="java::BlockQuickSort.medianOf3Symb:([III)I" line="241"/>
</result>

<result property="java::BlockQuickSort.medianOf3Symb:([III)I.array-create-negative-size.1" status="SUCCESS">
  <location file="BlockQuickSort.java" function="java::BlockQuickSort.medianOf3Symb:([III)I" line="242"/>
</result>

<result property="java::BlockQuickSort.medianOf3Symb:([III)I.null-pointer-exception.10" status="SUCCESS">
  <location file="BlockQuickSort.java" function="java::BlockQuickSort.medianOf3Symb:([III)I" line="246"/>
</result>

<result property="java::BlockQuickSort.medianOf3Symb:([III)I.integer-divide-by-zero.1" status="SUCCESS">
  <location file="BlockQuickSort.java" function="java::BlockQuickSort.medianOf3Symb:([III)I" line="246"/>
</result>

<result property="java::BlockQuickSort.medianOf3Symb:([III)I.array-index-out-of-bounds-low.1" status="SUCCESS">
  <location file="BlockQuickSort.java" function="java::BlockQuickSort.medianOf3Symb:([III)I" line="246"/>
</result>

<result property="java::BlockQuickSort.medianOf3Symb:([III)I.array-index-out-of-bounds-high.1" status="SUCCESS">
  <location file="BlockQuickSort.java" function="java::BlockQuickSort.medianOf3Symb:([III)I" line="246"/>
</result>

<result property="java::BlockQuickSort.medianOf3Symb:([III)I.null-pointer-exception.11" status="SUCCESS">
  <location file="BlockQuickSort.java" function="java::BlockQuickSort.medianOf3Symb:([III)I" line="246"/>
</result>

<result property="java::BlockQuickSort.medianOf3Symb:([III)I.array-index-out-of-bounds-low.2" status="SUCCESS">
  <location file="BlockQuickSort.java" function="java::BlockQuickSort.medianOf3Symb:([III)I" line="246"/>
</result>

<result property="java::BlockQuickSort.medianOf3Symb:([III)I.array-index-out-of-bounds-high.2" status="SUCCESS">
  <location file="BlockQuickSort.java" function="java::BlockQuickSort.medianOf3Symb:([III)I" line="246"/>
</result>

<result property="java::BlockQuickSort.medianOf3Symb:([III)I.null-pointer-exception.12" status="SUCCESS">
  <location file="BlockQuickSort.java" function="java::BlockQuickSort.medianOf3Symb:([III)I" line="255"/>
</result>

<result property="java::BlockQuickSort.medianOf3Symb:([III)I.array-index-out-of-bounds-low.3" status="SUCCESS">
  <location file="BlockQuickSort.java" function="java::BlockQuickSort.medianOf3Symb:([III)I" line="255"/>
</result>

<result property="java::BlockQuickSort.medianOf3Symb:([III)I.array-index-out-of-bounds-high.3" status="SUCCESS">
  <location file="BlockQuickSort.java" function="java::BlockQuickSort.medianOf3Symb:([III)I" line="255"/>
</result>

<result property="java::BlockQuickSort.medianOf3Symb:([III)I.null-pointer-exception.13" status="SUCCESS">
  <location file="BlockQuickSort.java" function="java::BlockQuickSort.medianOf3Symb:([III)I" line="256"/>
</result>

<result property="java::BlockQuickSort.medianOf3Symb:([III)I.integer-divide-by-zero.2" status="SUCCESS">
  <location file="BlockQuickSort.java" function="java::BlockQuickSort.medianOf3Symb:([III)I" line="256"/>
</result>

<result property="java::BlockQuickSort.medianOf3Symb:([III)I.array-index-out-of-bounds-low.4" status="SUCCESS">
  <location file="BlockQuickSort.java" function="java::BlockQuickSort.medianOf3Symb:([III)I" line="256"/>
</result>

<result property="java::BlockQuickSort.medianOf3Symb:([III)I.array-index-out-of-bounds-high.4" status="SUCCESS">
  <location file="BlockQuickSort.java" function="java::BlockQuickSort.medianOf3Symb:([III)I" line="256"/>
</result>

<result property="java::BlockQuickSort.medianOf3Symb:([III)I.null-pointer-exception.14" status="SUCCESS">
  <location file="BlockQuickSort.java" function="java::BlockQuickSort.medianOf3Symb:([III)I" line="257"/>
</result>

<result property="java::BlockQuickSort.medianOf3Symb:([III)I.array-index-out-of-bounds-low.5" status="SUCCESS">
  <location file="BlockQuickSort.java" function="java::BlockQuickSort.medianOf3Symb:([III)I" line="257"/>
</result>

<result property="java::BlockQuickSort.medianOf3Symb:([III)I.array-index-out-of-bounds-high.5" status="SUCCESS">
  <location file="BlockQuickSort.java" function="java::BlockQuickSort.medianOf3Symb:([III)I" line="257"/>
</result>

<result property="java::BlockQuickSort.medianOf3Symb:([III)I.null-pointer-exception.15" status="SUCCESS">
  <location file="BlockQuickSort.java" function="java::BlockQuickSort.medianOf3Symb:([III)I" line="258"/>
</result>

<result property="java::BlockQuickSort.medianOf3Symb:([III)I.integer-divide-by-zero.3" status="SUCCESS">
  <location file="BlockQuickSort.java" function="java::BlockQuickSort.medianOf3Symb:([III)I" line="259"/>
</result>

<result property="java::BlockQuickSort.medianOf3Symb:([III)I.null-pointer-exception.16" status="SUCCESS">
  <location file="BlockQuickSort.java" function="java::BlockQuickSort.medianOf3Symb:([III)I" line="260"/>
</result>

<result property="java::BlockQuickSort.medianOf3Symb:([III)I.array-index-out-of-bounds-low.6" status="SUCCESS">
  <location file="BlockQuickSort.java" function="java::BlockQuickSort.medianOf3Symb:([III)I" line="260"/>
</result>

<result property="java::BlockQuickSort.medianOf3Symb:([III)I.array-index-out-of-bounds-high.6" status="SUCCESS">
  <location file="BlockQuickSort.java" function="java::BlockQuickSort.medianOf3Symb:([III)I" line="260"/>
</result>

<result property="java::BlockQuickSort.medianOf3Symb:([III)I.null-pointer-exception.17" status="SUCCESS">
  <location file="BlockQuickSort.java" function="java::BlockQuickSort.medianOf3Symb:([III)I" line="260"/>
</result>

<result property="java::BlockQuickSort.medianOf3Symb:([III)I.array-index-out-of-bounds-low.7" status="SUCCESS">
  <location file="BlockQuickSort.java" function="java::BlockQuickSort.medianOf3Symb:([III)I" line="260"/>
</result>

<result property="java::BlockQuickSort.medianOf3Symb:([III)I.array-index-out-of-bounds-high.7" status="SUCCESS">
  <location file="BlockQuickSort.java" function="java::BlockQuickSort.medianOf3Symb:([III)I" line="260"/>
</result>

<result property="java::BlockQuickSort.medianOf3Symb:([III)I.null-pointer-exception.18" status="SUCCESS">
  <location file="BlockQuickSort.java" function="java::BlockQuickSort.medianOf3Symb:([III)I" line="260"/>
</result>

<result property="java::BlockQuickSort.medianOf3Symb:([III)I.array-index-out-of-bounds-low.8" status="SUCCESS">
  <location file="BlockQuickSort.java" function="java::BlockQuickSort.medianOf3Symb:([III)I" line="260"/>
</result>

<result property="java::BlockQuickSort.medianOf3Symb:([III)I.array-index-out-of-bounds-high.8" status="SUCCESS">
  <location file="BlockQuickSort.java" function="java::BlockQuickSort.medianOf3Symb:([III)I" line="260"/>
</result>

<result property="java::BlockQuickSort.medianOf3Symb:([III)I.null-pointer-exception.19" status="SUCCESS">
  <location file="BlockQuickSort.java" function="java::BlockQuickSort.medianOf3Symb:([III)I" line="260"/>
</result>

<result property="java::BlockQuickSort.medianOf3Symb:([III)I.array-index-out-of-bounds-low.9" status="SUCCESS">
  <location file="BlockQuickSort.java" function="java::BlockQuickSort.medianOf3Symb:([III)I" line="260"/>
</result>

<result property="java::BlockQuickSort.medianOf3Symb:([III)I.array-index-out-of-bounds-high.9" status="SUCCESS">
  <location file="BlockQuickSort.java" function="java::BlockQuickSort.medianOf3Symb:([III)I" line="260"/>
</result>

<result property="java::BlockQuickSort.medianOf3Symb:([III)I.null-pointer-exception.20" status="SUCCESS">
  <location file="BlockQuickSort.java" function="java::BlockQuickSort.medianOf3Symb:([III)I" line="266"/>
</result>

<result property="java::BlockQuickSort.medianOf3Symb:([III)I.array-index-out-of-bounds-low.10" status="SUCCESS">
  <location file="BlockQuickSort.java" function="java::BlockQuickSort.medianOf3Symb:([III)I" line="266"/>
</result>

<result property="java::BlockQuickSort.medianOf3Symb:([III)I.array-index-out-of-bounds-high.10" status="SUCCESS">
  <location file="BlockQuickSort.java" function="java::BlockQuickSort.medianOf3Symb:([III)I" line="266"/>
</result>

<result property="java::BlockQuickSort.medianOf3Symb:([III)I.null-pointer-exception.21" status="SUCCESS">
  <location file="BlockQuickSort.java" function="java::BlockQuickSort.medianOf3Symb:([III)I" line="266"/>
</result>

<result property="java::BlockQuickSort.medianOf3Symb:([III)I.array-index-out-of-bounds-low.11" status="SUCCESS">
  <location file="BlockQuickSort.java" function="java::BlockQuickSort.medianOf3Symb:([III)I" line="266"/>
</result>

<result property="java::BlockQuickSort.medianOf3Symb:([III)I.array-index-out-of-bounds-high.11" status="SUCCESS">
  <location file="BlockQuickSort.java" function="java::BlockQuickSort.medianOf3Symb:([III)I" line="266"/>
</result>

<result property="java::BlockQuickSort.medianOf3Symb:([III)I.null-pointer-exception.22" status="SUCCESS">
  <location file="BlockQuickSort.java" function="java::BlockQuickSort.medianOf3Symb:([III)I" line="270"/>
</result>

<result property="java::BlockQuickSort.medianOf3Symb:([III)I.array-index-out-of-bounds-low.12" status="SUCCESS">
  <location file="BlockQuickSort.java" function="java::BlockQuickSort.medianOf3Symb:([III)I" line="270"/>
</result>

<result property="java::BlockQuickSort.medianOf3Symb:([III)I.array-index-out-of-bounds-high.12" status="SUCCESS">
  <location file="BlockQuickSort.java" function="java::BlockQuickSort.medianOf3Symb:([III)I" line="270"/>
</result>

<result property="java::BlockQuickSort.medianOf3Symb:([III)I.null-pointer-exception.23" status="SUCCESS">
  <location file="BlockQuickSort.java" function="java::BlockQuickSort.medianOf3Symb:([III)I" line="270"/>
</result>

<result property="java::BlockQuickSort.medianOf3Symb:([III)I.integer-divide-by-zero.4" status="SUCCESS">
  <location file="BlockQuickSort.java" function="java::BlockQuickSort.medianOf3Symb:([III)I" line="270"/>
</result>

<result property="java::BlockQuickSort.medianOf3Symb:([III)I.array-index-out-of-bounds-low.13" status="SUCCESS">
  <location file="BlockQuickSort.java" function="java::BlockQuickSort.medianOf3Symb:([III)I" line="270"/>
</result>

<result property="java::BlockQuickSort.medianOf3Symb:([III)I.array-index-out-of-bounds-high.13" status="SUCCESS">
  <location file="BlockQuickSort.java" function="java::BlockQuickSort.medianOf3Symb:([III)I" line="270"/>
</result>

<result property="java::BlockQuickSort.hoareBlockPartitionSymb:([IIII)I.null-pointer-exception.1" status="SUCCESS">
  <location file="BlockQuickSort.java" function="java::BlockQuickSort.hoareBlockPartitionSymb:([IIII)I" line="18"/>
</result>

<result property="java::BlockQuickSort.hoareBlockPartitionSymb:([IIII)I.assertion.1" status="SUCCESS">
  <location file="BlockQuickSort.java" function="java::BlockQuickSort.hoareBlockPartitionSymb:([IIII)I" line="18"/>
</result>

<result property="java::BlockQuickSort.hoareBlockPartitionSymb:([IIII)I.null-pointer-exception.2" status="SUCCESS">
  <location file="BlockQuickSort.java" function="java::BlockQuickSort.hoareBlockPartitionSymb:([IIII)I" line="19"/>
</result>

<result property="java::BlockQuickSort.hoareBlockPartitionSymb:([IIII)I.null-pointer-exception.3" status="SUCCESS">
  <location file="BlockQuickSort.java" function="java::BlockQuickSort.hoareBlockPartitionSymb:([IIII)I" line="19"/>
</result>

<result property="java::BlockQuickSort.hoareBlockPartitionSymb:([IIII)I.assertion.2" status="SUCCESS">
  <location file="BlockQuickSort.java" function="java::BlockQuickSort.hoareBlockPartitionSymb:([IIII)I" line="19"/>
</result>

<result property="java::BlockQuickSort.hoareBlockPartitionSymb:([IIII)I.null-pointer-exception.4" status="SUCCESS">
  <location file="BlockQuickSort.java" function="java::BlockQuickSort.hoareBlockPartitionSymb:([IIII)I" line="20"/>
</result>

<result property="java::BlockQuickSort.hoareBlockPartitionSymb:([IIII)I.assertion.3" status="SUCCESS">
  <location file="BlockQuickSort.java" function="java::BlockQuickSort.hoareBlockPartitionSymb:([IIII)I" line="20"/>
</result>

<result property="java::BlockQuickSort.hoareBlockPartitionSymb:([IIII)I.null-pointer-exception.5" status="SUCCESS">
  <location file="BlockQuickSort.java" function="java::BlockQuickSort.hoareBlockPartitionSymb:([IIII)I" line="21"/>
</result>

<result property="java::BlockQuickSort.hoareBlockPartitionSymb:([IIII)I.assertion.4" status="SUCCESS">
  <location file="BlockQuickSort.java" function="java::BlockQuickSort.hoareBlockPartitionSymb:([IIII)I" line="21"/>
</result>

<result property="java::BlockQuickSort.hoareBlockPartitionSymb:([IIII)I.null-pointer-exception.6" status="SUCCESS">
  <location file="BlockQuickSort.java" function="java::BlockQuickSort.hoareBlockPartitionSymb:([IIII)I" line="22"/>
</result>

<result property="java::BlockQuickSort.hoareBlockPartitionSymb:([IIII)I.assertion.5" status="SUCCESS">
  <location file="BlockQuickSort.java" function="java::BlockQuickSort.hoareBlockPartitionSymb:([IIII)I" line="22"/>
</result>

<result property="java::BlockQuickSort.hoareBlockPartitionSymb:([IIII)I.null-pointer-exception.7" status="SUCCESS">
  <location file="BlockQuickSort.java" function="java::BlockQuickSort.hoareBlockPartitionSymb:([IIII)I" line="23"/>
</result>

<result property="java::BlockQuickSort.hoareBlockPartitionSymb:([IIII)I.assertion.6" status="SUCCESS">
  <location file="BlockQuickSort.java" function="java::BlockQuickSort.hoareBlockPartitionSymb:([IIII)I" line="23"/>
</result>

<result property="java::BlockQuickSort.hoareBlockPartitionSymb:([IIII)I.null-pointer-exception.8" status="SUCCESS">
  <location file="BlockQuickSort.java" function="java::BlockQuickSort.hoareBlockPartitionSymb:([IIII)I" line="24"/>
</result>

<result property="java::BlockQuickSort.hoareBlockPartitionSymb:([IIII)I.null-pointer-exception.9" status="SUCCESS">
  <location file="BlockQuickSort.java" function="java::BlockQuickSort.hoareBlockPartitionSymb:([IIII)I" line="24"/>
</result>

<result property="java::BlockQuickSort.hoareBlockPartitionSymb:([IIII)I.assertion.7" status="SUCCESS">
  <location file="BlockQuickSort.java" function="java::BlockQuickSort.hoareBlockPartitionSymb:([IIII)I" line="24"/>
</result>

<result property="java::BlockQuickSort.hoareBlockPartitionSymb:([IIII)I.null-pointer-exception.10" status="SUCCESS">
  <location file="BlockQuickSort.java" function="java::BlockQuickSort.hoareBlockPartitionSymb:([IIII)I" line="25"/>
</result>

<result property="java::BlockQuickSort.hoareBlockPartitionSymb:([IIII)I.assertion.8" status="SUCCESS">
  <location file="BlockQuickSort.java" function="java::BlockQuickSort.hoareBlockPartitionSymb:([IIII)I" line="25"/>
</result>

<result property="java::BlockQuickSort.hoareBlockPartitionSymb:([IIII)I.null-pointer-exception.11" status="SUCCESS">
  <location file="BlockQuickSort.java" function="java::BlockQuickSort.hoareBlockPartitionSymb:([IIII)I" line="26"/>
</result>

<result property="java::BlockQuickSort.hoareBlockPartitionSymb:([IIII)I.assertion.9" status="SUCCESS">
  <location file="BlockQuickSort.java" function="java::BlockQuickSort.hoareBlockPartitionSymb:([IIII)I" line="26"/>
</result>

<result property="java::BlockQuickSort.hoareBlockPartitionSymb:([IIII)I.null-pointer-exception.12" status="SUCCESS">
  <location file="BlockQuickSort.java" function="java::BlockQuickSort.hoareBlockPartitionSymb:([IIII)I" line="28"/>
</result>

<result property="java::BlockQuickSort.hoareBlockPartitionSymb:([IIII)I.null-pointer-exception.13" status="SUCCESS">
  <location file="BlockQuickSort.java" function="java::BlockQuickSort.hoareBlockPartitionSymb:([IIII)I" line="29"/>
</result>

<result property="java::BlockQuickSort.hoareBlockPartitionSymb:([IIII)I.array-index-out-of-bounds-low.1" status="SUCCESS">
  <location file="BlockQuickSort.java" function="java::BlockQuickSort.hoareBlockPartitionSymb:([IIII)I" line="29"/>
</result>

<result property="java::BlockQuickSort.hoareBlockPartitionSymb:([IIII)I.array-index-out-of-bounds-high.1" status="SUCCESS">
  <location file="BlockQuickSort.java" function="java::BlockQuickSort.hoareBlockPartitionSymb:([IIII)I" line="29"/>
</result>

<result property="java::BlockQuickSort.hoareBlockPartitionSymb:([IIII)I.array-create-negative-size.1" status="SUCCESS">
  <location file="BlockQuickSort.java" function="java::BlockQuickSort.hoareBlockPartitionSymb:([IIII)I" line="30"/>
</result>

<result property="java::BlockQuickSort.hoareBlockPartitionSymb:([IIII)I.null-pointer-exception.14" status="SUCCESS">
  <location file="BlockQuickSort.java" function="java::BlockQuickSort.hoareBlockPartitionSymb:([IIII)I" line="34"/>
</result>

<result property="java::BlockQuickSort.hoareBlockPartitionSymb:([IIII)I.integer-divide-by-zero.1" status="SUCCESS">
  <location file="BlockQuickSort.java" function="java::BlockQuickSort.hoareBlockPartitionSymb:([IIII)I" line="34"/>
</result>

<result property="java::BlockQuickSort.hoareBlockPartitionSymb:([IIII)I.array-index-out-of-bounds-low.2" status="SUCCESS">
  <location file="BlockQuickSort.java" function="java::BlockQuickSort.hoareBlockPartitionSymb:([IIII)I" line="34"/>
</result>

<result property="java::BlockQuickSort.hoareBlockPartitionSymb:([IIII)I.array-index-out-of-bounds-high.2" status="SUCCESS">
  <location file="BlockQuickSort.java" function="java::BlockQuickSort.hoareBlockPartitionSymb:([IIII)I" line="34"/>
</result>

<result property="java::BlockQuickSort.hoareBlockPartitionSymb:([IIII)I.null-pointer-exception.15" status="SUCCESS">
  <location file="BlockQuickSort.java" function="java::BlockQuickSort.hoareBlockPartitionSymb:([IIII)I" line="34"/>
</result>

<result property="java::BlockQuickSort.hoareBlockPartitionSymb:([IIII)I.array-index-out-of-bounds-low.3" status="SUCCESS">
  <location file="BlockQuickSort.java" function="java::BlockQuickSort.hoareBlockPartitionSymb:([IIII)I" line="34"/>
</result>

<result property="java::BlockQuickSort.hoareBlockPartitionSymb:([IIII)I.array-index-out-of-bounds-high.3" status="SUCCESS">
  <location file="BlockQuickSort.java" function="java::BlockQuickSort.hoareBlockPartitionSymb:([IIII)I" line="34"/>
</result>

<result property="java::BlockQuickSort.hoareBlockPartitionSymb:([IIII)I.null-pointer-exception.16" status="SUCCESS">
  <location file="BlockQuickSort.java" function="java::BlockQuickSort.hoareBlockPartitionSymb:([IIII)I" line="45"/>
</result>

<result property="java::BlockQuickSort.hoareBlockPartitionSymb:([IIII)I.array-index-out-of-bounds-low.4" status="SUCCESS">
  <location file="BlockQuickSort.java" function="java::BlockQuickSort.hoareBlockPartitionSymb:([IIII)I" line="45"/>
</result>

<result property="java::BlockQuickSort.hoareBlockPartitionSymb:([IIII)I.array-index-out-of-bounds-high.4" status="SUCCESS">
  <location file="BlockQuickSort.java" function="java::BlockQuickSort.hoareBlockPartitionSymb:([IIII)I" line="45"/>
</result>

<result property="java::BlockQuickSort.hoareBlockPartitionSymb:([IIII)I.null-pointer-exception.17" status="SUCCESS">
  <location file="BlockQuickSort.java" function="java::BlockQuickSort.hoareBlockPartitionSymb:([IIII)I" line="50"/>
</result>

<result property="java::BlockQuickSort.hoareBlockPartitionSymb:([IIII)I.null-pointer-exception.18" status="SUCCESS">
  <location file="BlockQuickSort.java" function="java::BlockQuickSort.hoareBlockPartitionSymb:([IIII)I" line="52"/>
</result>

<result property="java::BlockQuickSort.hoareBlockPartitionSymb:([IIII)I.array-index-out-of-bounds-low.5" status="SUCCESS">
  <location file="BlockQuickSort.java" function="java::BlockQuickSort.hoareBlockPartitionSymb:([IIII)I" line="52"/>
</result>

<result property="java::BlockQuickSort.hoareBlockPartitionSymb:([IIII)I.array-index-out-of-bounds-high.5" status="SUCCESS">
  <location file="BlockQuickSort.java" function="java::BlockQuickSort.hoareBlockPartitionSymb:([IIII)I" line="52"/>
</result>

<result property="java::BlockQuickSort.hoareBlockPartitionSymb:([IIII)I.null-pointer-exception.19" status="SUCCESS">
  <location file="BlockQuickSort.java" function="java::BlockQuickSort.hoareBlockPartitionSymb:([IIII)I" line="55"/>
</result>

<result property="java::BlockQuickSort.hoareBlockPartitionSymb:([IIII)I.array-index-out-of-bounds-low.6" status="SUCCESS">
  <location file="BlockQuickSort.java" function="java::BlockQuickSort.hoareBlockPartitionSymb:([IIII)I" line="55"/>
</result>

<result property="java::BlockQuickSort.hoareBlockPartitionSymb:([IIII)I.array-index-out-of-bounds-high.6" status="SUCCESS">
  <location file="BlockQuickSort.java" function="java::BlockQuickSort.hoareBlockPartitionSymb:([IIII)I" line="55"/>
</result>

<result property="java::BlockQuickSort.hoareBlockPartitionSymb:([IIII)I.null-pointer-exception.20" status="SUCCESS">
  <location file="BlockQuickSort.java" function="java::BlockQuickSort.hoareBlockPartitionSymb:([IIII)I" line="55"/>
</result>

<result property="java::BlockQuickSort.hoareBlockPartitionSymb:([IIII)I.array-index-out-of-bounds-low.7" status="SUCCESS">
  <location file="BlockQuickSort.java" function="java::BlockQuickSort.hoareBlockPartitionSymb:([IIII)I" line="55"/>
</result>

<result property="java::BlockQuickSort.hoareBlockPartitionSymb:([IIII)I.array-index-out-of-bounds-high.7" status="SUCCESS">
  <location file="BlockQuickSort.java" function="java::BlockQuickSort.hoareBlockPartitionSymb:([IIII)I" line="55"/>
</result>

<result property="java::BlockQuickSort.hoareBlockPartitionSymb:([IIII)I.null-pointer-exception.21" status="SUCCESS">
  <location file="BlockQuickSort.java" function="java::BlockQuickSort.hoareBlockPartitionSymb:([IIII)I" line="61"/>
</result>

<result property="java::BlockQuickSort.hoareBlockPartitionSymb:([IIII)I.array-index-out-of-bounds-low.8" status="SUCCESS">
  <location file="BlockQuickSort.java" function="java::BlockQuickSort.hoareBlockPartitionSymb:([IIII)I" line="61"/>
</result>

<result property="java::BlockQuickSort.hoareBlockPartitionSymb:([IIII)I.array-index-out-of-bounds-high.8" status="SUCCESS">
  <location file="BlockQuickSort.java" function="java::BlockQuickSort.hoareBlockPartitionSymb:([IIII)I" line="61"/>
</result>

<result property="java::BlockQuickSort.hoareBlockPartitionSymb:([IIII)I.null-pointer-exception.22" status="SUCCESS">
  <location file="BlockQuickSort.java" function="java::BlockQuickSort.hoareBlockPartitionSymb:([IIII)I" line="61"/>
</result>

<result property="java::BlockQuickSort.hoareBlockPartitionSymb:([IIII)I.array-index-out-of-bounds-low.9" status="SUCCESS">
  <location file="BlockQuickSort.java" function="java::BlockQuickSort.hoareBlockPartitionSymb:([IIII)I" line="61"/>
</result>

<result property="java::BlockQuickSort.hoareBlockPartitionSymb:([IIII)I.array-index-out-of-bounds-high.9" status="SUCCESS">
  <location file="BlockQuickSort.java" function="java::BlockQuickSort.hoareBlockPartitionSymb:([IIII)I" line="61"/>
</result>

<result property="java::BlockQuickSort.hoareBlockPartitionSymb:([IIII)I.null-pointer-exception.23" status="SUCCESS">
  <location file="BlockQuickSort.java" function="java::BlockQuickSort.hoareBlockPartitionSymb:([IIII)I" line="70"/>
</result>

<result property="java::BlockQuickSort.hoareBlockPartitionSymb:([IIII)I.array-index-out-of-bounds-low.10" status="SUCCESS">
  <location file="BlockQuickSort.java" function="java::BlockQuickSort.hoareBlockPartitionSymb:([IIII)I" line="70"/>
</result>

<result property="java::BlockQuickSort.hoareBlockPartitionSymb:([IIII)I.array-index-out-of-bounds-high.10" status="SUCCESS">
  <location file="BlockQuickSort.java" function="java::BlockQuickSort.hoareBlockPartitionSymb:([IIII)I" line="70"/>
</result>

<result property="java::BlockQuickSort.hoareBlockPartitionSymb:([IIII)I.null-pointer-exception.24" status="SUCCESS">
  <location file="BlockQuickSort.java" function="java::BlockQuickSort.hoareBlockPartitionSymb:([IIII)I" line="70"/>
</result>

<result property="java::BlockQuickSort.hoareBlockPartitionSymb:([IIII)I.array-index-out-of-bounds-low.11" status="SUCCESS">
  <location file="BlockQuickSort.java" function="java::BlockQuickSort.hoareBlockPartitionSymb:([IIII)I" line="70"/>
</result>

<result property="java::BlockQuickSort.hoareBlockPartitionSymb:([IIII)I.array-index-out-of-bounds-high.11" status="SUCCESS">
  <location file="BlockQuickSort.java" function="java::BlockQuickSort.hoareBlockPartitionSymb:([IIII)I" line="70"/>
</result>

<result property="java::BlockQuickSort.hoareBlockPartitionSymb:([IIII)I.null-pointer-exception.25" status="SUCCESS">
  <location file="BlockQuickSort.java" function="java::BlockQuickSort.hoareBlockPartitionSymb:([IIII)I" line="74"/>
</result>

<result property="java::BlockQuickSort.hoareBlockPartitionSymb:([IIII)I.array-index-out-of-bounds-low.12" status="SUCCESS">
  <location file="BlockQuickSort.java" function="java::BlockQuickSort.hoareBlockPartitionSymb:([IIII)I" line="74"/>
</result>

<result property="java::BlockQuickSort.hoareBlockPartitionSymb:([IIII)I.array-index-out-of-bounds-high.12" status="SUCCESS">
  <location file="BlockQuickSort.java" function="java::BlockQuickSort.hoareBlockPartitionSymb:([IIII)I" line="74"/>
</result>

<result property="java::BlockQuickSort.hoareBlockPartitionSymb:([IIII)I.null-pointer-exception.26" status="SUCCESS">
  <location file="BlockQuickSort.java" function="java::BlockQuickSort.hoareBlockPartitionSymb:([IIII)I" line="74"/>
</result>

<result property="java::BlockQuickSort.hoareBlockPartitionSymb:([IIII)I.integer-divide-by-zero.2" status="SUCCESS">
  <location file="BlockQuickSort.java" function="java::BlockQuickSort.hoareBlockPartitionSymb:([IIII)I" line="74"/>
</result>

<result property="java::BlockQuickSort.hoareBlockPartitionSymb:([IIII)I.array-index-out-of-bounds-low.13" status="SUCCESS">
  <location file="BlockQuickSort.java" function="java::BlockQuickSort.hoareBlockPartitionSymb:([IIII)I" line="74"/>
</result>

<result property="java::BlockQuickSort.hoareBlockPartitionSymb:([IIII)I.array-index-out-of-bounds-high.13" status="SUCCESS">
  <location file="BlockQuickSort.java" function="java::BlockQuickSort.hoareBlockPartitionSymb:([IIII)I" line="74"/>
</result>

<result property="java::BlockQuickSort.partitionVerf:([III)I.null-pointer-exception.1" status="SUCCESS">
  <location file="BlockQuickSort.java" function="java::BlockQuickSort.partitionVerf:([III)I" line="3425"/>
</result>

<result property="java::BlockQuickSort.partitionVerf:([III)I.null-pointer-exception.2" status="SUCCESS">
  <location file="BlockQuickSort.java" function="java::BlockQuickSort.partitionVerf:([III)I" line="3433"/>
</result>

<result property="java::BlockQuickSort.partitionVerf:([III)I.null-pointer-exception.3" status="SUCCESS">
  <location file="BlockQuickSort.java" function="java::BlockQuickSort.partitionVerf:([III)I" line="3436"/>
</result>

<result property="java::BlockQuickSort.partitionVerf:([III)I.array-create-negative-size.1" status="SUCCESS">
  <location file="BlockQuickSort.java" function="java::BlockQuickSort.partitionVerf:([III)I" line="3437"/>
</result>

<result property="java::BlockQuickSort.partitionVerf:([III)I.null-pointer-exception.4" status="SUCCESS">
  <location file="BlockQuickSort.java" function="java::BlockQuickSort.partitionVerf:([III)I" line="3442"/>
</result>

<result property="java::BlockQuickSort.partitionVerf:([III)I.integer-divide-by-zero.1" status="SUCCESS">
  <location file="BlockQuickSort.java" function="java::BlockQuickSort.partitionVerf:([III)I" line="3442"/>
</result>

<result property="java::BlockQuickSort.partitionVerf:([III)I.array-index-out-of-bounds-low.1" status="SUCCESS">
  <location file="BlockQuickSort.java" function="java::BlockQuickSort.partitionVerf:([III)I" line="3442"/>
</result>

<result property="java::BlockQuickSort.partitionVerf:([III)I.array-index-out-of-bounds-high.1" status="SUCCESS">
  <location file="BlockQuickSort.java" function="java::BlockQuickSort.partitionVerf:([III)I" line="3442"/>
</result>

<result property="java::BlockQuickSort.partitionVerf:([III)I.null-pointer-exception.5" status="SUCCESS">
  <location file="BlockQuickSort.java" function="java::BlockQuickSort.partitionVerf:([III)I" line="3442"/>
</result>

<result property="java::BlockQuickSort.partitionVerf:([III)I.array-index-out-of-bounds-low.2" status="SUCCESS">
  <location file="BlockQuickSort.java" function="java::BlockQuickSort.partitionVerf:([III)I" line="3442"/>
</result>

<result property="java::BlockQuickSort.partitionVerf:([III)I.array-index-out-of-bounds-high.2" status="SUCCESS">
  <location file="BlockQuickSort.java" function="java::BlockQuickSort.partitionVerf:([III)I" line="3442"/>
</result>

<result property="java::BlockQuickSort.partitionVerf:([III)I.null-pointer-exception.6" status="SUCCESS">
  <location file="BlockQuickSort.java" function="java::BlockQuickSort.partitionVerf:([III)I" line="3463"/>
</result>

<result property="java::BlockQuickSort.partitionVerf:([III)I.assertion.1" status="SUCCESS">
  <location file="BlockQuickSort.java" function="java::BlockQuickSort.partitionVerf:([III)I" line="3463"/>
</result>

<result property="java::BlockQuickSort.partitionVerf:([III)I.integer-divide-by-zero.2" status="SUCCESS">
  <location file="BlockQuickSort.java" function="java::BlockQuickSort.partitionVerf:([III)I" line="3464"/>
</result>

<result property="java::BlockQuickSort.partitionVerf:([III)I.integer-divide-by-zero.3" status="SUCCESS">
  <location file="BlockQuickSort.java" function="java::BlockQuickSort.partitionVerf:([III)I" line="3464"/>
</result>

<result property="java::BlockQuickSort.partitionVerf:([III)I.null-pointer-exception.7" status="SUCCESS">
  <location file="BlockQuickSort.java" function="java::BlockQuickSort.partitionVerf:([III)I" line="3464"/>
</result>

<result property="java::BlockQuickSort.partitionVerf:([III)I.assertion.2" status="SUCCESS">
  <location file="BlockQuickSort.java" function="java::BlockQuickSort.partitionVerf:([III)I" line="3464"/>
</result>

<result property="java::BlockQuickSort.partitionVerf:([III)I.null-pointer-exception.8" status="SUCCESS">
  <location file="BlockQuickSort.java" function="java::BlockQuickSort.partitionVerf:([III)I" line="3465"/>
</result>

<result property="java::BlockQuickSort.partitionVerf:([III)I.assertion.3" status="SUCCESS">
  <location file="BlockQuickSort.java" function="java::BlockQuickSort.partitionVerf:([III)I" line="3465"/>
</result>

<result property="java::BlockQuickSort.partitionVerf:([III)I.null-pointer-exception.9" status="SUCCESS">
  <location file="BlockQuickSort.java" function="java::BlockQuickSort.partitionVerf:([III)I" line="3471"/>
</result>

<result property="java::BlockQuickSort.partitionVerf:([III)I.assertion.4" status="SUCCESS">
  <location file="BlockQuickSort.java" function="java::BlockQuickSort.partitionVerf:([III)I" line="3471"/>
</result>

<result property="java::BlockQuickSort.partitionVerf:([III)I.null-pointer-exception.10" status="SUCCESS">
  <location file="BlockQuickSort.java" function="java::BlockQuickSort.partitionVerf:([III)I" line="3474"/>
</result>

<result property="java::BlockQuickSort.partitionVerf:([III)I.null-pointer-exception.11" status="SUCCESS">
  <location file="BlockQuickSort.java" function="java::BlockQuickSort.partitionVerf:([III)I" line="3474"/>
</result>

<result property="java::BlockQuickSort.partitionVerf:([III)I.null-pointer-exception.12" status="SUCCESS">
  <location file="BlockQuickSort.java" function="java::BlockQuickSort.partitionVerf:([III)I" line="3482"/>
</result>

<result property="java::BlockQuickSort.partitionVerf:([III)I.null-pointer-exception.13" status="SUCCESS">
  <location file="BlockQuickSort.java" function="java::BlockQuickSort.partitionVerf:([III)I" line="3482"/>
</result>

<result property="java::BlockQuickSort.partitionVerf:([III)I.assertion.5" status="SUCCESS">
  <location file="BlockQuickSort.java" function="java::BlockQuickSort.partitionVerf:([III)I" line="3482"/>
</result>

<result property="java::BlockQuickSort.partitionVerf:([III)I.null-pointer-exception.14" status="SUCCESS">
  <location file="BlockQuickSort.java" function="java::BlockQuickSort.partitionVerf:([III)I" line="3487"/>
</result>

<result property="java::BlockQuickSort.partitionVerf:([III)I.assertion.6" status="SUCCESS">
  <location file="BlockQuickSort.java" function="java::BlockQuickSort.partitionVerf:([III)I" line="3487"/>
</result>

<result property="java::BlockQuickSort.partitionVerf:([III)I.null-pointer-exception.15" status="SUCCESS">
  <location file="BlockQuickSort.java" function="java::BlockQuickSort.partitionVerf:([III)I" line="3488"/>
</result>

<result property="java::BlockQuickSort.partitionVerf:([III)I.assertion.7" status="SUCCESS">
  <location file="BlockQuickSort.java" function="java::BlockQuickSort.partitionVerf:([III)I" line="3488"/>
</result>

<result property="java::BlockQuickSort.partitionVerf:([III)I.null-pointer-exception.16" status="SUCCESS">
  <location file="BlockQuickSort.java" function="java::BlockQuickSort.partitionVerf:([III)I" line="3495"/>
</result>

<result property="java::BlockQuickSort.partitionVerf:([III)I.array-index-out-of-bounds-low.3" status="SUCCESS">
  <location file="BlockQuickSort.java" function="java::BlockQuickSort.partitionVerf:([III)I" line="3495"/>
</result>

<result property="java::BlockQuickSort.partitionVerf:([III)I.array-index-out-of-bounds-high.3" status="SUCCESS">
  <location file="BlockQuickSort.java" function="java::BlockQuickSort.partitionVerf:([III)I" line="3495"/>
</result>

<result property="java::BlockQuickSort.partitionVerf:([III)I.null-pointer-exception.17" status="SUCCESS">
  <location file="BlockQuickSort.java" function="java::BlockQuickSort.partitionVerf:([III)I" line="3495"/>
</result>

<result property="java::BlockQuickSort.partitionVerf:([III)I.array-index-out-of-bounds-low.4" status="SUCCESS">
  <location file="BlockQuickSort.java" function="java::BlockQuickSort.partitionVerf:([III)I" line="3495"/>
</result>

<result property="java::BlockQuickSort.partitionVerf:([III)I.array-index-out-of-bounds-high.4" status="SUCCESS">
  <location file="BlockQuickSort.java" function="java::BlockQuickSort.partitionVerf:([III)I" line="3495"/>
</result>

<result property="java::BlockQuickSort.partitionVerf:([III)I.null-pointer-exception.18" status="SUCCESS">
  <location file="BlockQuickSort.java" function="java::BlockQuickSort.partitionVerf:([III)I" line="3495"/>
</result>

<result property="java::BlockQuickSort.partitionVerf:([III)I.assertion.8" status="SUCCESS">
  <location file="BlockQuickSort.java" function="java::BlockQuickSort.partitionVerf:([III)I" line="3495"/>
</result>

<result property="java::BlockQuickSort.partitionVerf:([III)I.null-pointer-exception.19" status="SUCCESS">
  <location file="BlockQuickSort.java" function="java::BlockQuickSort.partitionVerf:([III)I" line="3500"/>
</result>

<result property="java::BlockQuickSort.partitionVerf:([III)I.array-index-out-of-bounds-low.5" status="SUCCESS">
  <location file="BlockQuickSort.java" function="java::BlockQuickSort.partitionVerf:([III)I" line="3500"/>
</result>

<result property="java::BlockQuickSort.partitionVerf:([III)I.array-index-out-of-bounds-high.5" status="SUCCESS">
  <location file="BlockQuickSort.java" function="java::BlockQuickSort.partitionVerf:([III)I" line="3500"/>
</result>

<result property="java::BlockQuickSort.partitionVerf:([III)I.null-pointer-exception.20" status="SUCCESS">
  <location file="BlockQuickSort.java" function="java::BlockQuickSort.partitionVerf:([III)I" line="3500"/>
</result>

<result property="java::BlockQuickSort.partitionVerf:([III)I.array-index-out-of-bounds-low.6" status="SUCCESS">
  <location file="BlockQuickSort.java" function="java::BlockQuickSort.partitionVerf:([III)I" line="3500"/>
</result>

<result property="java::BlockQuickSort.partitionVerf:([III)I.array-index-out-of-bounds-high.6" status="SUCCESS">
  <location file="BlockQuickSort.java" function="java::BlockQuickSort.partitionVerf:([III)I" line="3500"/>
</result>

<result property="java::BlockQuickSort.partitionVerf:([III)I.null-pointer-exception.21" status="SUCCESS">
  <location file="BlockQuickSort.java" function="java::BlockQuickSort.partitionVerf:([III)I" line="3500"/>
</result>

<result property="java::BlockQuickSort.partitionVerf:([III)I.assertion.9" status="SUCCESS">
  <location file="BlockQuickSort.java" function="java::BlockQuickSort.partitionVerf:([III)I" line="3500"/>
</result>

<result property="java::BlockQuickSort.partitionVerf:([III)I.null-pointer-exception.22" status="SUCCESS">
  <location file="BlockQuickSort.java" function="java::BlockQuickSort.partitionVerf:([III)I" line="3509"/>
</result>

<result property="java::BlockQuickSort.partitionVerf:([III)I.array-index-out-of-bounds-low.7" status="SUCCESS">
  <location file="BlockQuickSort.java" function="java::BlockQuickSort.partitionVerf:([III)I" line="3509"/>
</result>

<result property="java::BlockQuickSort.partitionVerf:([III)I.array-index-out-of-bounds-high.7" status="SUCCESS">
  <location file="BlockQuickSort.java" function="java::BlockQuickSort.partitionVerf:([III)I" line="3509"/>
</result>

<result property="java::BlockQuickSort.partitionVerf:([III)I.null-pointer-exception.23" status="SUCCESS">
  <location file="BlockQuickSort.java" function="java::BlockQuickSort.partitionVerf:([III)I" line="3509"/>
</result>

<result property="java::BlockQuickSort.partitionVerf:([III)I.array-index-out-of-bounds-low.8" status="SUCCESS">
  <location file="BlockQuickSort.java" function="java::BlockQuickSort.partitionVerf:([III)I" line="3509"/>
</result>

<result property="java::BlockQuickSort.partitionVerf:([III)I.array-index-out-of-bounds-high.8" status="SUCCESS">
  <location file="BlockQuickSort.java" function="java::BlockQuickSort.partitionVerf:([III)I" line="3509"/>
</result>

<result property="java::BlockQuickSort.partitionVerf:([III)I.null-pointer-exception.24" status="SUCCESS">
  <location file="BlockQuickSort.java" function="java::BlockQuickSort.partitionVerf:([III)I" line="3513"/>
</result>

<result property="java::BlockQuickSort.partitionVerf:([III)I.array-index-out-of-bounds-low.9" status="SUCCESS">
  <location file="BlockQuickSort.java" function="java::BlockQuickSort.partitionVerf:([III)I" line="3513"/>
</result>

<result property="java::BlockQuickSort.partitionVerf:([III)I.array-index-out-of-bounds-high.9" status="SUCCESS">
  <location file="BlockQuickSort.java" function="java::BlockQuickSort.partitionVerf:([III)I" line="3513"/>
</result>

<result property="java::BlockQuickSort.partitionVerf:([III)I.null-pointer-exception.25" status="SUCCESS">
  <location file="BlockQuickSort.java" function="java::BlockQuickSort.partitionVerf:([III)I" line="3513"/>
</result>

<result property="java::BlockQuickSort.partitionVerf:([III)I.integer-divide-by-zero.4" status="SUCCESS">
  <location file="BlockQuickSort.java" function="java::BlockQuickSort.partitionVerf:([III)I" line="3513"/>
</result>

<result property="java::BlockQuickSort.partitionVerf:([III)I.array-index-out-of-bounds-low.10" status="SUCCESS">
  <location file="BlockQuickSort.java" function="java::BlockQuickSort.partitionVerf:([III)I" line="3513"/>
</result>

<result property="java::BlockQuickSort.partitionVerf:([III)I.array-index-out-of-bounds-high.10" status="SUCCESS">
  <location file="BlockQuickSort.java" function="java::BlockQuickSort.partitionVerf:([III)I" line="3513"/>
</result>

<result property="java::BlockQuickSort.partitionVerf:([III)I.null-pointer-exception.26" status="SUCCESS">
  <location file="BlockQuickSort.java" function="java::BlockQuickSort.partitionVerf:([III)I" line="3518"/>
</result>

<result property="java::BlockQuickSort.partitionVerf:([III)I.assertion.10" status="SUCCESS">
  <location file="BlockQuickSort.java" function="java::BlockQuickSort.partitionVerf:([III)I" line="3518"/>
</result>

<result property="java::BlockQuickSort.&lt;clinit&gt;:()V.null-pointer-exception.1" status="SUCCESS">
  <location file="BlockQuickSort.java" function="java::BlockQuickSort.&lt;clinit&gt;:()V" line="4"/>
</result>

<result property="array-create-negative-size.1" status="SUCCESS">
  <location/>
</result>

<result property="array-create-negative-size.2" status="SUCCESS">
  <location/>
</result>

<result property="array-create-negative-size.3" status="SUCCESS">
  <location/>
</result>

<result property="array-create-negative-size.4" status="SUCCESS">
  <location/>
</result>

<result property="array-create-negative-size.5" status="SUCCESS">
  <location/>
</result>

<result property="array-create-negative-size.6" status="SUCCESS">
  <location/>
</result>

<result property="array-create-negative-size.7" status="SUCCESS">
  <location/>
</result>

<result property="array-create-negative-size.8" status="SUCCESS">
  <location/>
</result>

<result property="array-create-negative-size.9" status="SUCCESS">
  <location/>
</result>

<result property="java::BlockQuickSort.partitionVerf:([III)I.1" status="SUCCESS">
  <location file="BlockQuickSort.java" function="java::BlockQuickSort.partitionVerf:([III)I" line="3425"/>
</result>

<message type="STATUS-MESSAGE">
  <text>VERIFICATION SUCCESSFUL</text>
</message>

<cprover-status>SUCCESS</cprover-status>

</cprover>
