<?xml version="1.0" encoding="UTF-8"?>
<cprover>
<program>JBMC 5.81.0 (cbmc-5.81.0)</program>
<message type="WARNING">
  <text>**** WARNING: Use --unwinding-assertions to obtain sound verification results</text>
</message>

<message type="STATUS-MESSAGE">
  <text>JBMC version 5.81.0 (cbmc-5.81.0) 64-bit x86_64 linux</text>
</message>

<message type="STATUS-MESSAGE">
  <text>Parsing ...</text>
</message>

<message type="STATUS-MESSAGE">
  <text>Trying to load Java main class: BlockQuickSort</text>
</message>

<message type="STATUS-MESSAGE">
  <text>Found Java main class: BlockQuickSort</text>
</message>

<message type="STATUS-MESSAGE">
  <text>Converting</text>
</message>

<message type="WARNING">
  <text>stub class symbol java::java.lang.Object already exists</text>
</message>

<message type="STATUS-MESSAGE">
  <text>Java: added 98 String or Class constant symbols</text>
</message>

<message type="STATUS-MESSAGE">
  <text>Generating GOTO Program</text>
</message>

<message type="STATUS-MESSAGE">
  <text>Running GOTO functions transformation passes</text>
</message>

<message type="STATUS-MESSAGE">
  <text>Running with 16 object bits, 48 offset bits (default)</text>
</message>

<message type="STATUS-MESSAGE">
  <text>Starting Bounded Model Checking</text>
</message>

<message type="STATUS-MESSAGE">
  <text>Unwinding loop java::BlockQuickSort.medianOf3Verf:([III)I.0 iteration 1 file BlockQuickSort.java line 3313 function java::BlockQuickSort.medianOf3Verf:([III)I bytecode-index 66 thread 0</text>
</message>

<message type="STATUS-MESSAGE">
  <text>Unwinding loop java::BlockQuickSort.medianOf3Verf:([III)I.0 iteration 2 file BlockQuickSort.java line 3313 function java::BlockQuickSort.medianOf3Verf:([III)I bytecode-index 66 thread 0</text>
</message>

<message type="STATUS-MESSAGE">
  <text>Not unwinding loop java::BlockQuickSort.medianOf3Verf:([III)I.0 iteration 3 file BlockQuickSort.java line 3313 function java::BlockQuickSort.medianOf3Verf:([III)I bytecode-index 66 thread 0</text>
</message>

<message type="STATUS-MESSAGE">
  <text>Unwinding loop java::BlockQuickSort.medianOf3Verf:([III)I.1 iteration 1 file BlockQuickSort.java line 3312 function java::BlockQuickSort.medianOf3Verf:([III)I bytecode-index 68 thread 0</text>
</message>

<message type="STATUS-MESSAGE">
  <text>Unwinding loop java::BlockQuickSort.medianOf3Verf:([III)I.0 iteration 1 file BlockQuickSort.java line 3313 function java::BlockQuickSort.medianOf3Verf:([III)I bytecode-index 66 thread 0</text>
</message>

<message type="STATUS-MESSAGE">
  <text>Unwinding loop java::BlockQuickSort.medianOf3Verf:([III)I.0 iteration 2 file BlockQuickSort.java line 3313 function java::BlockQuickSort.medianOf3Verf:([III)I bytecode-index 66 thread 0</text>
</message>

<message type="STATUS-MESSAGE">
  <text>Not unwinding loop java::BlockQuickSort.medianOf3Verf:([III)I.0 iteration 3 file BlockQuickSort.java line 3313 function java::BlockQuickSort.medianOf3Verf:([III)I bytecode-index 66 thread 0</text>
</message>

<message type="STATUS-MESSAGE">
  <text>Unwinding loop java::BlockQuickSort.medianOf3Verf:([III)I.1 iteration 2 file BlockQuickSort.java line 3312 function java::BlockQuickSort.medianOf3Verf:([III)I bytecode-index 68 thread 0</text>
</message>

<message type="STATUS-MESSAGE">
  <text>Unwinding loop java::BlockQuickSort.medianOf3Verf:([III)I.0 iteration 1 file BlockQuickSort.java line 3313 function java::BlockQuickSort.medianOf3Verf:([III)I bytecode-index 66 thread 0</text>
</message>

<message type="STATUS-MESSAGE">
  <text>Unwinding loop java::BlockQuickSort.medianOf3Verf:([III)I.0 iteration 2 file BlockQuickSort.java line 3313 function java::BlockQuickSort.medianOf3Verf:([III)I bytecode-index 66 thread 0</text>
</message>

<message type="STATUS-MESSAGE">
  <text>Not unwinding loop java::BlockQuickSort.medianOf3Verf:([III)I.0 iteration 3 file BlockQuickSort.java line 3313 function java::BlockQuickSort.medianOf3Verf:([III)I bytecode-index 66 thread 0</text>
</message>

<message type="STATUS-MESSAGE">
  <text>Not unwinding loop java::BlockQuickSort.medianOf3Verf:([III)I.1 iteration 3 file BlockQuickSort.java line 3312 function java::BlockQuickSort.medianOf3Verf:([III)I bytecode-index 68 thread 0</text>
</message>

<message type="STATUS-MESSAGE">
  <text>Unwinding recursion java::BlockQuickSort.&lt;clinit_wrapper&gt; iteration 1</text>
</message>

<message type="STATUS-MESSAGE">
  <text>aborting path on assume(false) at file BlockQuickSort.java line 3339 function java::BlockQuickSort.medianOf3Verf:([III)I bytecode-index 152 thread 0</text>
</message>

<message type="STATUS-MESSAGE">
  <text>aborting path on assume(false) at file BlockQuickSort.java line 3340 function java::BlockQuickSort.medianOf3Verf:([III)I bytecode-index 202 thread 0</text>
</message>

<message type="STATUS-MESSAGE">
  <text>aborting path on assume(false) at file BlockQuickSort.java line 217 function java::BlockQuickSort.sortPairSymb:(II[I)V bytecode-index 17 thread 0</text>
</message>

<message type="STATUS-MESSAGE">
  <text>aborting path on assume(false) at file BlockQuickSort.java line 218 function java::BlockQuickSort.sortPairSymb:(II[I)V bytecode-index 26 thread 0</text>
</message>

<message type="STATUS-MESSAGE">
  <text>aborting path on assume(false) at file BlockQuickSort.java line 219 function java::BlockQuickSort.sortPairSymb:(II[I)V bytecode-index 36 thread 0</text>
</message>

<message type="STATUS-MESSAGE">
  <text>aborting path on assume(false) at file BlockQuickSort.java line 220 function java::BlockQuickSort.sortPairSymb:(II[I)V bytecode-index 45 thread 0</text>
</message>

<message type="STATUS-MESSAGE">
  <text>aborting path on assume(false) at file BlockQuickSort.java line 221 function java::BlockQuickSort.sortPairSymb:(II[I)V bytecode-index 55 thread 0</text>
</message>

<message type="STATUS-MESSAGE">
  <text>Unwinding recursion java::org.cprover.CProver.&lt;clinit_wrapper&gt; iteration 1</text>
</message>

<message type="STATUS-MESSAGE">
  <text>Unwinding recursion java::org.cprover.CProver.&lt;clinit_wrapper&gt; iteration 1</text>
</message>

<message type="STATUS-MESSAGE">
  <text>aborting path on assume(false) at file BlockQuickSort.java line 3345 function java::BlockQuickSort.medianOf3Verf:([III)I bytecode-index 264 thread 0</text>
</message>

<message type="STATUS-MESSAGE">
  <text>aborting path on assume(false) at file BlockQuickSort.java line 3346 function java::BlockQuickSort.medianOf3Verf:([III)I bytecode-index 314 thread 0</text>
</message>

<message type="STATUS-MESSAGE">
  <text>aborting path on assume(false) at file BlockQuickSort.java line 217 function java::BlockQuickSort.sortPairSymb:(II[I)V bytecode-index 17 thread 0</text>
</message>

<message type="STATUS-MESSAGE">
  <text>aborting path on assume(false) at file BlockQuickSort.java line 218 function java::BlockQuickSort.sortPairSymb:(II[I)V bytecode-index 26 thread 0</text>
</message>

<message type="STATUS-MESSAGE">
  <text>aborting path on assume(false) at file BlockQuickSort.java line 219 function java::BlockQuickSort.sortPairSymb:(II[I)V bytecode-index 36 thread 0</text>
</message>

<message type="STATUS-MESSAGE">
  <text>aborting path on assume(false) at file BlockQuickSort.java line 220 function java::BlockQuickSort.sortPairSymb:(II[I)V bytecode-index 45 thread 0</text>
</message>

<message type="STATUS-MESSAGE">
  <text>aborting path on assume(false) at file BlockQuickSort.java line 221 function java::BlockQuickSort.sortPairSymb:(II[I)V bytecode-index 55 thread 0</text>
</message>

<message type="STATUS-MESSAGE">
  <text>aborting path on assume(false) at file BlockQuickSort.java line 3351 function java::BlockQuickSort.medianOf3Verf:([III)I bytecode-index 374 thread 0</text>
</message>

<message type="STATUS-MESSAGE">
  <text>aborting path on assume(false) at file BlockQuickSort.java line 3352 function java::BlockQuickSort.medianOf3Verf:([III)I bytecode-index 424 thread 0</text>
</message>

<message type="STATUS-MESSAGE">
  <text>aborting path on assume(false) at file BlockQuickSort.java line 217 function java::BlockQuickSort.sortPairSymb:(II[I)V bytecode-index 17 thread 0</text>
</message>

<message type="STATUS-MESSAGE">
  <text>aborting path on assume(false) at file BlockQuickSort.java line 218 function java::BlockQuickSort.sortPairSymb:(II[I)V bytecode-index 26 thread 0</text>
</message>

<message type="STATUS-MESSAGE">
  <text>aborting path on assume(false) at file BlockQuickSort.java line 219 function java::BlockQuickSort.sortPairSymb:(II[I)V bytecode-index 36 thread 0</text>
</message>

<message type="STATUS-MESSAGE">
  <text>aborting path on assume(false) at file BlockQuickSort.java line 220 function java::BlockQuickSort.sortPairSymb:(II[I)V bytecode-index 45 thread 0</text>
</message>

<message type="STATUS-MESSAGE">
  <text>aborting path on assume(false) at file BlockQuickSort.java line 221 function java::BlockQuickSort.sortPairSymb:(II[I)V bytecode-index 55 thread 0</text>
</message>

<message type="STATUS-MESSAGE">
  <text>aborting path on assume(false) at file BlockQuickSort.java line 3364 function java::BlockQuickSort.medianOf3Verf:([III)I bytecode-index 445 thread 0</text>
</message>

<message type="STATUS-MESSAGE">
  <text>aborting path on assume(false) at file BlockQuickSort.java line 3368 function java::BlockQuickSort.medianOf3Verf:([III)I bytecode-index 460 thread 0</text>
</message>

<message type="STATUS-MESSAGE">
  <text>aborting path on assume(false) at file BlockQuickSort.java line 3373 function java::BlockQuickSort.medianOf3Verf:([III)I bytecode-index 473 thread 0</text>
</message>

<message type="STATUS-MESSAGE">
  <text>aborting path on assume(false) at file BlockQuickSort.java line 3374 function java::BlockQuickSort.medianOf3Verf:([III)I bytecode-index 488 thread 0</text>
</message>

<message type="STATUS-MESSAGE">
  <text>Unwinding loop java::BlockQuickSort.medianOf3Verf:([III)I.2 iteration 1 file BlockQuickSort.java line 3384 function java::BlockQuickSort.medianOf3Verf:([III)I bytecode-index 525 thread 0</text>
</message>

<message type="STATUS-MESSAGE">
  <text>Unwinding loop java::BlockQuickSort.medianOf3Verf:([III)I.2 iteration 2 file BlockQuickSort.java line 3384 function java::BlockQuickSort.medianOf3Verf:([III)I bytecode-index 525 thread 0</text>
</message>

<message type="STATUS-MESSAGE">
  <text>Not unwinding loop java::BlockQuickSort.medianOf3Verf:([III)I.2 iteration 3 file BlockQuickSort.java line 3384 function java::BlockQuickSort.medianOf3Verf:([III)I bytecode-index 525 thread 0</text>
</message>

<message type="STATUS-MESSAGE">
  <text>Unwinding loop java::BlockQuickSort.medianOf3Verf:([III)I.3 iteration 1 file BlockQuickSort.java line 3388 function java::BlockQuickSort.medianOf3Verf:([III)I bytecode-index 552 thread 0</text>
</message>

<message type="STATUS-MESSAGE">
  <text>Unwinding loop java::BlockQuickSort.medianOf3Verf:([III)I.3 iteration 2 file BlockQuickSort.java line 3388 function java::BlockQuickSort.medianOf3Verf:([III)I bytecode-index 552 thread 0</text>
</message>

<message type="STATUS-MESSAGE">
  <text>Not unwinding loop java::BlockQuickSort.medianOf3Verf:([III)I.3 iteration 3 file BlockQuickSort.java line 3388 function java::BlockQuickSort.medianOf3Verf:([III)I bytecode-index 552 thread 0</text>
</message>

<message type="STATUS-MESSAGE">
  <text>aborting path on assume(false) at file BlockQuickSort.java line 3394 function java::BlockQuickSort.medianOf3Verf:([III)I bytecode-index 567 thread 0</text>
</message>

<message type="STATUS-MESSAGE">
  <text>Runtime Symex: 0.150019s</text>
</message>

<message type="STATUS-MESSAGE">
  <text>size of program expression: 1764 steps</text>
</message>

<message type="STATUS-MESSAGE">
  <text>simple slicing removed 10 assignments</text>
</message>

<message type="STATUS-MESSAGE">
  <text>Generated 277 VCC(s), 183 remaining after simplification</text>
</message>

<message type="STATUS-MESSAGE">
  <text>Runtime Postprocess Equation: 0.000311753s</text>
</message>

<message type="STATUS-MESSAGE">
  <text>Passing problem to string refinement loop with MiniSAT 2.2.1 without simplifier</text>
</message>

<message type="STATUS-MESSAGE">
  <text>converting SSA</text>
</message>

<message type="STATUS-MESSAGE">
  <text>Runtime Convert SSA: 0.0315116s</text>
</message>

<message type="STATUS-MESSAGE">
  <text>Running string refinement loop with MiniSAT 2.2.1 without simplifier</text>
</message>

<message type="STATUS-MESSAGE">
  <text>BV-Refinement: post-processing</text>
</message>

<message type="STATUS-MESSAGE">
  <text>BV-Refinement: iteration 1</text>
</message>

<refinement-iteration>1</refinement-iteration>

<message type="STATUS-MESSAGE">
  <text>24692 variables, 66831 clauses</text>
</message>

<message type="STATUS-MESSAGE">
  <text>SAT checker: instance is UNSATISFIABLE</text>
</message>

<message type="STATUS-MESSAGE">
  <text>
BV-Refinement: got UNSAT, and the proof passes =&gt; UNSAT</text>
</message>

<message type="STATUS-MESSAGE">
  <text>Total iterations: 1</text>
</message>

<message type="STATUS-MESSAGE">
  <text>Runtime Solver: 0.0212313s</text>
</message>

<message type="STATUS-MESSAGE">
  <text>Runtime decision procedure: 0.0536641s</text>
</message>

<result property="java::BlockQuickSort$ReturnException.&lt;init&gt;:()V.null-pointer-exception.1" status="SUCCESS">
  <location file="BlockQuickSort.java" function="java::BlockQuickSort$ReturnException.&lt;init&gt;:()V" line="4020"/>
</result>

<result property="java::BlockQuickSort.sortPairSymb:(II[I)V.null-pointer-exception.1" status="SUCCESS">
  <location file="BlockQuickSort.java" function="java::BlockQuickSort.sortPairSymb:(II[I)V" line="216"/>
</result>

<result property="java::BlockQuickSort.sortPairSymb:(II[I)V.assertion.1" status="SUCCESS">
  <location file="BlockQuickSort.java" function="java::BlockQuickSort.sortPairSymb:(II[I)V" line="216"/>
</result>

<result property="java::BlockQuickSort.sortPairSymb:(II[I)V.null-pointer-exception.2" status="SUCCESS">
  <location file="BlockQuickSort.java" function="java::BlockQuickSort.sortPairSymb:(II[I)V" line="217"/>
</result>

<result property="java::BlockQuickSort.sortPairSymb:(II[I)V.null-pointer-exception.3" status="SUCCESS">
  <location file="BlockQuickSort.java" function="java::BlockQuickSort.sortPairSymb:(II[I)V" line="217"/>
</result>

<result property="java::BlockQuickSort.sortPairSymb:(II[I)V.assertion.2" status="SUCCESS">
  <location file="BlockQuickSort.java" function="java::BlockQuickSort.sortPairSymb:(II[I)V" line="217"/>
</result>

<result property="java::BlockQuickSort.sortPairSymb:(II[I)V.null-pointer-exception.4" status="SUCCESS">
  <location file="BlockQuickSort.java" function="java::BlockQuickSort.sortPairSymb:(II[I)V" line="218"/>
</result>

<result property="java::BlockQuickSort.sortPairSymb:(II[I)V.assertion.3" status="SUCCESS">
  <location file="BlockQuickSort.java" function="java::BlockQuickSort.sortPairSymb:(II[I)V" line="218"/>
</result>

<result property="java::BlockQuickSort.sortPairSymb:(II[I)V.null-pointer-exception.5" status="SUCCESS">
  <location file="BlockQuickSort.java" function="java::BlockQuickSort.sortPairSymb:(II[I)V" line="219"/>
</result>

<result property="java::BlockQuickSort.sortPairSymb:(II[I)V.null-pointer-exception.6" status="SUCCESS">
  <location file="BlockQuickSort.java" function="java::BlockQuickSort.sortPairSymb:(II[I)V" line="219"/>
</result>

<result property="java::BlockQuickSort.sortPairSymb:(II[I)V.assertion.4" status="SUCCESS">
  <location file="BlockQuickSort.java" function="java::BlockQuickSort.sortPairSymb:(II[I)V" line="219"/>
</result>

<result property="java::BlockQuickSort.sortPairSymb:(II[I)V.null-pointer-exception.7" status="SUCCESS">
  <location file="BlockQuickSort.java" function="java::BlockQuickSort.sortPairSymb:(II[I)V" line="220"/>
</result>

<result property="java::BlockQuickSort.sortPairSymb:(II[I)V.assertion.5" status="SUCCESS">
  <location file="BlockQuickSort.java" function="java::BlockQuickSort.sortPairSymb:(II[I)V" line="220"/>
</result>

<result property="java::BlockQuickSort.sortPairSymb:(II[I)V.null-pointer-exception.8" status="SUCCESS">
  <location file="BlockQuickSort.java" function="java::BlockQuickSort.sortPairSymb:(II[I)V" line="221"/>
</result>

<result property="java::BlockQuickSort.sortPairSymb:(II[I)V.null-pointer-exception.9" status="SUCCESS">
  <location file="BlockQuickSort.java" function="java::BlockQuickSort.sortPairSymb:(II[I)V" line="221"/>
</result>

<result property="java::BlockQuickSort.sortPairSymb:(II[I)V.assertion.6" status="SUCCESS">
  <location file="BlockQuickSort.java" function="java::BlockQuickSort.sortPairSymb:(II[I)V" line="221"/>
</result>

<result property="java::BlockQuickSort.sortPairSymb:(II[I)V.null-pointer-exception.10" status="SUCCESS">
  <location file="BlockQuickSort.java" function="java::BlockQuickSort.sortPairSymb:(II[I)V" line="222"/>
</result>

<result property="java::BlockQuickSort.sortPairSymb:(II[I)V.null-pointer-exception.11" status="SUCCESS">
  <location file="BlockQuickSort.java" function="java::BlockQuickSort.sortPairSymb:(II[I)V" line="223"/>
</result>

<result property="java::BlockQuickSort.sortPairSymb:(II[I)V.array-index-out-of-bounds-low.1" status="SUCCESS">
  <location file="BlockQuickSort.java" function="java::BlockQuickSort.sortPairSymb:(II[I)V" line="223"/>
</result>

<result property="java::BlockQuickSort.sortPairSymb:(II[I)V.array-index-out-of-bounds-high.1" status="SUCCESS">
  <location file="BlockQuickSort.java" function="java::BlockQuickSort.sortPairSymb:(II[I)V" line="223"/>
</result>

<result property="java::BlockQuickSort.sortPairSymb:(II[I)V.null-pointer-exception.12" status="SUCCESS">
  <location file="BlockQuickSort.java" function="java::BlockQuickSort.sortPairSymb:(II[I)V" line="224"/>
</result>

<result property="java::BlockQuickSort.sortPairSymb:(II[I)V.array-index-out-of-bounds-low.2" status="SUCCESS">
  <location file="BlockQuickSort.java" function="java::BlockQuickSort.sortPairSymb:(II[I)V" line="224"/>
</result>

<result property="java::BlockQuickSort.sortPairSymb:(II[I)V.array-index-out-of-bounds-high.2" status="SUCCESS">
  <location file="BlockQuickSort.java" function="java::BlockQuickSort.sortPairSymb:(II[I)V" line="224"/>
</result>

<result property="java::BlockQuickSort.sortPairSymb:(II[I)V.null-pointer-exception.13" status="SUCCESS">
  <location file="BlockQuickSort.java" function="java::BlockQuickSort.sortPairSymb:(II[I)V" line="225"/>
</result>

<result property="java::BlockQuickSort.sortPairSymb:(II[I)V.array-index-out-of-bounds-low.3" status="SUCCESS">
  <location file="BlockQuickSort.java" function="java::BlockQuickSort.sortPairSymb:(II[I)V" line="225"/>
</result>

<result property="java::BlockQuickSort.sortPairSymb:(II[I)V.array-index-out-of-bounds-high.3" status="SUCCESS">
  <location file="BlockQuickSort.java" function="java::BlockQuickSort.sortPairSymb:(II[I)V" line="225"/>
</result>

<result property="java::BlockQuickSort.sortPairSymb:(II[I)V.null-pointer-exception.14" status="SUCCESS">
  <location file="BlockQuickSort.java" function="java::BlockQuickSort.sortPairSymb:(II[I)V" line="226"/>
</result>

<result property="java::BlockQuickSort.sortPairSymb:(II[I)V.array-index-out-of-bounds-low.4" status="SUCCESS">
  <location file="BlockQuickSort.java" function="java::BlockQuickSort.sortPairSymb:(II[I)V" line="226"/>
</result>

<result property="java::BlockQuickSort.sortPairSymb:(II[I)V.array-index-out-of-bounds-high.4" status="SUCCESS">
  <location file="BlockQuickSort.java" function="java::BlockQuickSort.sortPairSymb:(II[I)V" line="226"/>
</result>

<result property="java::BlockQuickSort.sortPairSymb:(II[I)V.null-pointer-exception.15" status="SUCCESS">
  <location file="BlockQuickSort.java" function="java::BlockQuickSort.sortPairSymb:(II[I)V" line="227"/>
</result>

<result property="java::BlockQuickSort.sortPairSymb:(II[I)V.null-pointer-exception.16" status="SUCCESS">
  <location file="BlockQuickSort.java" function="java::BlockQuickSort.sortPairSymb:(II[I)V" line="228"/>
</result>

<result property="java::BlockQuickSort.sortPairSymb:(II[I)V.array-index-out-of-bounds-low.5" status="SUCCESS">
  <location file="BlockQuickSort.java" function="java::BlockQuickSort.sortPairSymb:(II[I)V" line="228"/>
</result>

<result property="java::BlockQuickSort.sortPairSymb:(II[I)V.array-index-out-of-bounds-high.5" status="SUCCESS">
  <location file="BlockQuickSort.java" function="java::BlockQuickSort.sortPairSymb:(II[I)V" line="228"/>
</result>

<result property="java::BlockQuickSort.sortPairSymb:(II[I)V.null-pointer-exception.17" status="SUCCESS">
  <location file="BlockQuickSort.java" function="java::BlockQuickSort.sortPairSymb:(II[I)V" line="228"/>
</result>

<result property="java::BlockQuickSort.sortPairSymb:(II[I)V.array-index-out-of-bounds-low.6" status="SUCCESS">
  <location file="BlockQuickSort.java" function="java::BlockQuickSort.sortPairSymb:(II[I)V" line="228"/>
</result>

<result property="java::BlockQuickSort.sortPairSymb:(II[I)V.array-index-out-of-bounds-high.6" status="SUCCESS">
  <location file="BlockQuickSort.java" function="java::BlockQuickSort.sortPairSymb:(II[I)V" line="228"/>
</result>

<result property="java::BlockQuickSort.sortPairSymb:(II[I)V.null-pointer-exception.18" status="SUCCESS">
  <location file="BlockQuickSort.java" function="java::BlockQuickSort.sortPairSymb:(II[I)V" line="228"/>
</result>

<result property="java::BlockQuickSort.sortPairSymb:(II[I)V.array-index-out-of-bounds-low.7" status="SUCCESS">
  <location file="BlockQuickSort.java" function="java::BlockQuickSort.sortPairSymb:(II[I)V" line="228"/>
</result>

<result property="java::BlockQuickSort.sortPairSymb:(II[I)V.array-index-out-of-bounds-high.7" status="SUCCESS">
  <location file="BlockQuickSort.java" function="java::BlockQuickSort.sortPairSymb:(II[I)V" line="228"/>
</result>

<result property="java::BlockQuickSort.sortPairSymb:(II[I)V.null-pointer-exception.19" status="SUCCESS">
  <location file="BlockQuickSort.java" function="java::BlockQuickSort.sortPairSymb:(II[I)V" line="228"/>
</result>

<result property="java::BlockQuickSort.sortPairSymb:(II[I)V.array-index-out-of-bounds-low.8" status="SUCCESS">
  <location file="BlockQuickSort.java" function="java::BlockQuickSort.sortPairSymb:(II[I)V" line="228"/>
</result>

<result property="java::BlockQuickSort.sortPairSymb:(II[I)V.array-index-out-of-bounds-high.8" status="SUCCESS">
  <location file="BlockQuickSort.java" function="java::BlockQuickSort.sortPairSymb:(II[I)V" line="228"/>
</result>

<result property="java::BlockQuickSort.medianOf3Verf:([III)I.null-pointer-exception.1" status="SUCCESS">
  <location file="BlockQuickSort.java" function="java::BlockQuickSort.medianOf3Verf:([III)I" line="3298"/>
</result>

<result property="java::BlockQuickSort.medianOf3Verf:([III)I.null-pointer-exception.2" status="SUCCESS">
  <location file="BlockQuickSort.java" function="java::BlockQuickSort.medianOf3Verf:([III)I" line="3306"/>
</result>

<result property="java::BlockQuickSort.medianOf3Verf:([III)I.null-pointer-exception.3" status="SUCCESS">
  <location file="BlockQuickSort.java" function="java::BlockQuickSort.medianOf3Verf:([III)I" line="3309"/>
</result>

<result property="java::BlockQuickSort.medianOf3Verf:([III)I.array-create-negative-size.1" status="SUCCESS">
  <location file="BlockQuickSort.java" function="java::BlockQuickSort.medianOf3Verf:([III)I" line="3310"/>
</result>

<result property="java::BlockQuickSort.medianOf3Verf:([III)I.null-pointer-exception.4" status="SUCCESS">
  <location file="BlockQuickSort.java" function="java::BlockQuickSort.medianOf3Verf:([III)I" line="3315"/>
</result>

<result property="java::BlockQuickSort.medianOf3Verf:([III)I.integer-divide-by-zero.1" status="SUCCESS">
  <location file="BlockQuickSort.java" function="java::BlockQuickSort.medianOf3Verf:([III)I" line="3315"/>
</result>

<result property="java::BlockQuickSort.medianOf3Verf:([III)I.array-index-out-of-bounds-low.1" status="SUCCESS">
  <location file="BlockQuickSort.java" function="java::BlockQuickSort.medianOf3Verf:([III)I" line="3315"/>
</result>

<result property="java::BlockQuickSort.medianOf3Verf:([III)I.array-index-out-of-bounds-high.1" status="SUCCESS">
  <location file="BlockQuickSort.java" function="java::BlockQuickSort.medianOf3Verf:([III)I" line="3315"/>
</result>

<result property="java::BlockQuickSort.medianOf3Verf:([III)I.null-pointer-exception.5" status="SUCCESS">
  <location file="BlockQuickSort.java" function="java::BlockQuickSort.medianOf3Verf:([III)I" line="3315"/>
</result>

<result property="java::BlockQuickSort.medianOf3Verf:([III)I.array-index-out-of-bounds-low.2" status="SUCCESS">
  <location file="BlockQuickSort.java" function="java::BlockQuickSort.medianOf3Verf:([III)I" line="3315"/>
</result>

<result property="java::BlockQuickSort.medianOf3Verf:([III)I.array-index-out-of-bounds-high.2" status="SUCCESS">
  <location file="BlockQuickSort.java" function="java::BlockQuickSort.medianOf3Verf:([III)I" line="3315"/>
</result>

<result property="java::BlockQuickSort.medianOf3Verf:([III)I.integer-divide-by-zero.2" status="SUCCESS">
  <location file="BlockQuickSort.java" function="java::BlockQuickSort.medianOf3Verf:([III)I" line="3335"/>
</result>

<result property="java::BlockQuickSort.medianOf3Verf:([III)I.integer-divide-by-zero.3" status="SUCCESS">
  <location file="BlockQuickSort.java" function="java::BlockQuickSort.medianOf3Verf:([III)I" line="3339"/>
</result>

<result property="java::BlockQuickSort.medianOf3Verf:([III)I.integer-divide-by-zero.4" status="SUCCESS">
  <location file="BlockQuickSort.java" function="java::BlockQuickSort.medianOf3Verf:([III)I" line="3339"/>
</result>

<result property="java::BlockQuickSort.medianOf3Verf:([III)I.null-pointer-exception.6" status="SUCCESS">
  <location file="BlockQuickSort.java" function="java::BlockQuickSort.medianOf3Verf:([III)I" line="3339"/>
</result>

<result property="java::BlockQuickSort.medianOf3Verf:([III)I.assertion.1" status="SUCCESS">
  <location file="BlockQuickSort.java" function="java::BlockQuickSort.medianOf3Verf:([III)I" line="3339"/>
</result>

<result property="java::BlockQuickSort.medianOf3Verf:([III)I.integer-divide-by-zero.5" status="SUCCESS">
  <location file="BlockQuickSort.java" function="java::BlockQuickSort.medianOf3Verf:([III)I" line="3340"/>
</result>

<result property="java::BlockQuickSort.medianOf3Verf:([III)I.integer-divide-by-zero.6" status="SUCCESS">
  <location file="BlockQuickSort.java" function="java::BlockQuickSort.medianOf3Verf:([III)I" line="3340"/>
</result>

<result property="java::BlockQuickSort.medianOf3Verf:([III)I.null-pointer-exception.7" status="SUCCESS">
  <location file="BlockQuickSort.java" function="java::BlockQuickSort.medianOf3Verf:([III)I" line="3340"/>
</result>

<result property="java::BlockQuickSort.medianOf3Verf:([III)I.assertion.2" status="SUCCESS">
  <location file="BlockQuickSort.java" function="java::BlockQuickSort.medianOf3Verf:([III)I" line="3340"/>
</result>

<result property="java::BlockQuickSort.medianOf3Verf:([III)I.integer-divide-by-zero.7" status="SUCCESS">
  <location file="BlockQuickSort.java" function="java::BlockQuickSort.medianOf3Verf:([III)I" line="3345"/>
</result>

<result property="java::BlockQuickSort.medianOf3Verf:([III)I.integer-divide-by-zero.8" status="SUCCESS">
  <location file="BlockQuickSort.java" function="java::BlockQuickSort.medianOf3Verf:([III)I" line="3345"/>
</result>

<result property="java::BlockQuickSort.medianOf3Verf:([III)I.null-pointer-exception.8" status="SUCCESS">
  <location file="BlockQuickSort.java" function="java::BlockQuickSort.medianOf3Verf:([III)I" line="3345"/>
</result>

<result property="java::BlockQuickSort.medianOf3Verf:([III)I.assertion.3" status="SUCCESS">
  <location file="BlockQuickSort.java" function="java::BlockQuickSort.medianOf3Verf:([III)I" line="3345"/>
</result>

<result property="java::BlockQuickSort.medianOf3Verf:([III)I.integer-divide-by-zero.9" status="SUCCESS">
  <location file="BlockQuickSort.java" function="java::BlockQuickSort.medianOf3Verf:([III)I" line="3346"/>
</result>

<result property="java::BlockQuickSort.medianOf3Verf:([III)I.integer-divide-by-zero.10" status="SUCCESS">
  <location file="BlockQuickSort.java" function="java::BlockQuickSort.medianOf3Verf:([III)I" line="3346"/>
</result>

<result property="java::BlockQuickSort.medianOf3Verf:([III)I.null-pointer-exception.9" status="SUCCESS">
  <location file="BlockQuickSort.java" function="java::BlockQuickSort.medianOf3Verf:([III)I" line="3346"/>
</result>

<result property="java::BlockQuickSort.medianOf3Verf:([III)I.assertion.4" status="SUCCESS">
  <location file="BlockQuickSort.java" function="java::BlockQuickSort.medianOf3Verf:([III)I" line="3346"/>
</result>

<result property="java::BlockQuickSort.medianOf3Verf:([III)I.integer-divide-by-zero.11" status="SUCCESS">
  <location file="BlockQuickSort.java" function="java::BlockQuickSort.medianOf3Verf:([III)I" line="3351"/>
</result>

<result property="java::BlockQuickSort.medianOf3Verf:([III)I.integer-divide-by-zero.12" status="SUCCESS">
  <location file="BlockQuickSort.java" function="java::BlockQuickSort.medianOf3Verf:([III)I" line="3351"/>
</result>

<result property="java::BlockQuickSort.medianOf3Verf:([III)I.null-pointer-exception.10" status="SUCCESS">
  <location file="BlockQuickSort.java" function="java::BlockQuickSort.medianOf3Verf:([III)I" line="3351"/>
</result>

<result property="java::BlockQuickSort.medianOf3Verf:([III)I.assertion.5" status="SUCCESS">
  <location file="BlockQuickSort.java" function="java::BlockQuickSort.medianOf3Verf:([III)I" line="3351"/>
</result>

<result property="java::BlockQuickSort.medianOf3Verf:([III)I.integer-divide-by-zero.13" status="SUCCESS">
  <location file="BlockQuickSort.java" function="java::BlockQuickSort.medianOf3Verf:([III)I" line="3352"/>
</result>

<result property="java::BlockQuickSort.medianOf3Verf:([III)I.integer-divide-by-zero.14" status="SUCCESS">
  <location file="BlockQuickSort.java" function="java::BlockQuickSort.medianOf3Verf:([III)I" line="3352"/>
</result>

<result property="java::BlockQuickSort.medianOf3Verf:([III)I.null-pointer-exception.11" status="SUCCESS">
  <location file="BlockQuickSort.java" function="java::BlockQuickSort.medianOf3Verf:([III)I" line="3352"/>
</result>

<result property="java::BlockQuickSort.medianOf3Verf:([III)I.assertion.6" status="SUCCESS">
  <location file="BlockQuickSort.java" function="java::BlockQuickSort.medianOf3Verf:([III)I" line="3352"/>
</result>

<result property="java::BlockQuickSort.medianOf3Verf:([III)I.null-pointer-exception.12" status="SUCCESS">
  <location file="BlockQuickSort.java" function="java::BlockQuickSort.medianOf3Verf:([III)I" line="3356"/>
</result>

<result property="java::BlockQuickSort.medianOf3Verf:([III)I.null-pointer-exception.13" status="SUCCESS">
  <location file="BlockQuickSort.java" function="java::BlockQuickSort.medianOf3Verf:([III)I" line="3356"/>
</result>

<result property="java::BlockQuickSort.medianOf3Verf:([III)I.null-pointer-exception.14" status="SUCCESS">
  <location file="BlockQuickSort.java" function="java::BlockQuickSort.medianOf3Verf:([III)I" line="3364"/>
</result>

<result property="java::BlockQuickSort.medianOf3Verf:([III)I.null-pointer-exception.15" status="SUCCESS">
  <location file="BlockQuickSort.java" function="java::BlockQuickSort.medianOf3Verf:([III)I" line="3364"/>
</result>

<result property="java::BlockQuickSort.medianOf3Verf:([III)I.assertion.7" status="SUCCESS">
  <location file="BlockQuickSort.java" function="java::BlockQuickSort.medianOf3Verf:([III)I" line="3364"/>
</result>

<result property="java::BlockQuickSort.medianOf3Verf:([III)I.integer-divide-by-zero.15" status="SUCCESS">
  <location file="BlockQuickSort.java" function="java::BlockQuickSort.medianOf3Verf:([III)I" line="3368"/>
</result>

<result property="java::BlockQuickSort.medianOf3Verf:([III)I.null-pointer-exception.16" status="SUCCESS">
  <location file="BlockQuickSort.java" function="java::BlockQuickSort.medianOf3Verf:([III)I" line="3368"/>
</result>

<result property="java::BlockQuickSort.medianOf3Verf:([III)I.assertion.8" status="SUCCESS">
  <location file="BlockQuickSort.java" function="java::BlockQuickSort.medianOf3Verf:([III)I" line="3368"/>
</result>

<result property="java::BlockQuickSort.medianOf3Verf:([III)I.null-pointer-exception.17" status="SUCCESS">
  <location file="BlockQuickSort.java" function="java::BlockQuickSort.medianOf3Verf:([III)I" line="3373"/>
</result>

<result property="java::BlockQuickSort.medianOf3Verf:([III)I.array-index-out-of-bounds-low.3" status="SUCCESS">
  <location file="BlockQuickSort.java" function="java::BlockQuickSort.medianOf3Verf:([III)I" line="3373"/>
</result>

<result property="java::BlockQuickSort.medianOf3Verf:([III)I.array-index-out-of-bounds-high.3" status="SUCCESS">
  <location file="BlockQuickSort.java" function="java::BlockQuickSort.medianOf3Verf:([III)I" line="3373"/>
</result>

<result property="java::BlockQuickSort.medianOf3Verf:([III)I.null-pointer-exception.18" status="SUCCESS">
  <location file="BlockQuickSort.java" function="java::BlockQuickSort.medianOf3Verf:([III)I" line="3373"/>
</result>

<result property="java::BlockQuickSort.medianOf3Verf:([III)I.array-index-out-of-bounds-low.4" status="SUCCESS">
  <location file="BlockQuickSort.java" function="java::BlockQuickSort.medianOf3Verf:([III)I" line="3373"/>
</result>

<result property="java::BlockQuickSort.medianOf3Verf:([III)I.array-index-out-of-bounds-high.4" status="SUCCESS">
  <location file="BlockQuickSort.java" function="java::BlockQuickSort.medianOf3Verf:([III)I" line="3373"/>
</result>

<result property="java::BlockQuickSort.medianOf3Verf:([III)I.null-pointer-exception.19" status="SUCCESS">
  <location file="BlockQuickSort.java" function="java::BlockQuickSort.medianOf3Verf:([III)I" line="3373"/>
</result>

<result property="java::BlockQuickSort.medianOf3Verf:([III)I.assertion.9" status="SUCCESS">
  <location file="BlockQuickSort.java" function="java::BlockQuickSort.medianOf3Verf:([III)I" line="3373"/>
</result>

<result property="java::BlockQuickSort.medianOf3Verf:([III)I.null-pointer-exception.20" status="SUCCESS">
  <location file="BlockQuickSort.java" function="java::BlockQuickSort.medianOf3Verf:([III)I" line="3374"/>
</result>

<result property="java::BlockQuickSort.medianOf3Verf:([III)I.array-index-out-of-bounds-low.5" status="SUCCESS">
  <location file="BlockQuickSort.java" function="java::BlockQuickSort.medianOf3Verf:([III)I" line="3374"/>
</result>

<result property="java::BlockQuickSort.medianOf3Verf:([III)I.array-index-out-of-bounds-high.5" status="SUCCESS">
  <location file="BlockQuickSort.java" function="java::BlockQuickSort.medianOf3Verf:([III)I" line="3374"/>
</result>

<result property="java::BlockQuickSort.medianOf3Verf:([III)I.null-pointer-exception.21" status="SUCCESS">
  <location file="BlockQuickSort.java" function="java::BlockQuickSort.medianOf3Verf:([III)I" line="3374"/>
</result>

<result property="java::BlockQuickSort.medianOf3Verf:([III)I.array-index-out-of-bounds-low.6" status="SUCCESS">
  <location file="BlockQuickSort.java" function="java::BlockQuickSort.medianOf3Verf:([III)I" line="3374"/>
</result>

<result property="java::BlockQuickSort.medianOf3Verf:([III)I.array-index-out-of-bounds-high.6" status="SUCCESS">
  <location file="BlockQuickSort.java" function="java::BlockQuickSort.medianOf3Verf:([III)I" line="3374"/>
</result>

<result property="java::BlockQuickSort.medianOf3Verf:([III)I.null-pointer-exception.22" status="SUCCESS">
  <location file="BlockQuickSort.java" function="java::BlockQuickSort.medianOf3Verf:([III)I" line="3374"/>
</result>

<result property="java::BlockQuickSort.medianOf3Verf:([III)I.assertion.10" status="SUCCESS">
  <location file="BlockQuickSort.java" function="java::BlockQuickSort.medianOf3Verf:([III)I" line="3374"/>
</result>

<result property="java::BlockQuickSort.medianOf3Verf:([III)I.null-pointer-exception.23" status="SUCCESS">
  <location file="BlockQuickSort.java" function="java::BlockQuickSort.medianOf3Verf:([III)I" line="3385"/>
</result>

<result property="java::BlockQuickSort.medianOf3Verf:([III)I.array-index-out-of-bounds-low.7" status="SUCCESS">
  <location file="BlockQuickSort.java" function="java::BlockQuickSort.medianOf3Verf:([III)I" line="3385"/>
</result>

<result property="java::BlockQuickSort.medianOf3Verf:([III)I.array-index-out-of-bounds-high.7" status="SUCCESS">
  <location file="BlockQuickSort.java" function="java::BlockQuickSort.medianOf3Verf:([III)I" line="3385"/>
</result>

<result property="java::BlockQuickSort.medianOf3Verf:([III)I.null-pointer-exception.24" status="SUCCESS">
  <location file="BlockQuickSort.java" function="java::BlockQuickSort.medianOf3Verf:([III)I" line="3385"/>
</result>

<result property="java::BlockQuickSort.medianOf3Verf:([III)I.array-index-out-of-bounds-low.8" status="SUCCESS">
  <location file="BlockQuickSort.java" function="java::BlockQuickSort.medianOf3Verf:([III)I" line="3385"/>
</result>

<result property="java::BlockQuickSort.medianOf3Verf:([III)I.array-index-out-of-bounds-high.8" status="SUCCESS">
  <location file="BlockQuickSort.java" function="java::BlockQuickSort.medianOf3Verf:([III)I" line="3385"/>
</result>

<result property="java::BlockQuickSort.medianOf3Verf:([III)I.null-pointer-exception.25" status="SUCCESS">
  <location file="BlockQuickSort.java" function="java::BlockQuickSort.medianOf3Verf:([III)I" line="3389"/>
</result>

<result property="java::BlockQuickSort.medianOf3Verf:([III)I.array-index-out-of-bounds-low.9" status="SUCCESS">
  <location file="BlockQuickSort.java" function="java::BlockQuickSort.medianOf3Verf:([III)I" line="3389"/>
</result>

<result property="java::BlockQuickSort.medianOf3Verf:([III)I.array-index-out-of-bounds-high.9" status="SUCCESS">
  <location file="BlockQuickSort.java" function="java::BlockQuickSort.medianOf3Verf:([III)I" line="3389"/>
</result>

<result property="java::BlockQuickSort.medianOf3Verf:([III)I.null-pointer-exception.26" status="SUCCESS">
  <location file="BlockQuickSort.java" function="java::BlockQuickSort.medianOf3Verf:([III)I" line="3389"/>
</result>

<result property="java::BlockQuickSort.medianOf3Verf:([III)I.integer-divide-by-zero.16" status="SUCCESS">
  <location file="BlockQuickSort.java" function="java::BlockQuickSort.medianOf3Verf:([III)I" line="3389"/>
</result>

<result property="java::BlockQuickSort.medianOf3Verf:([III)I.array-index-out-of-bounds-low.10" status="SUCCESS">
  <location file="BlockQuickSort.java" function="java::BlockQuickSort.medianOf3Verf:([III)I" line="3389"/>
</result>

<result property="java::BlockQuickSort.medianOf3Verf:([III)I.array-index-out-of-bounds-high.10" status="SUCCESS">
  <location file="BlockQuickSort.java" function="java::BlockQuickSort.medianOf3Verf:([III)I" line="3389"/>
</result>

<result property="java::BlockQuickSort.medianOf3Verf:([III)I.null-pointer-exception.27" status="SUCCESS">
  <location file="BlockQuickSort.java" function="java::BlockQuickSort.medianOf3Verf:([III)I" line="3394"/>
</result>

<result property="java::BlockQuickSort.medianOf3Verf:([III)I.assertion.11" status="SUCCESS">
  <location file="BlockQuickSort.java" function="java::BlockQuickSort.medianOf3Verf:([III)I" line="3394"/>
</result>

<result property="java::BlockQuickSort.&lt;clinit&gt;:()V.null-pointer-exception.1" status="SUCCESS">
  <location file="BlockQuickSort.java" function="java::BlockQuickSort.&lt;clinit&gt;:()V" line="4"/>
</result>

<result property="array-create-negative-size.1" status="SUCCESS">
  <location/>
</result>

<result property="array-create-negative-size.2" status="SUCCESS">
  <location/>
</result>

<result property="array-create-negative-size.3" status="SUCCESS">
  <location/>
</result>

<result property="array-create-negative-size.4" status="SUCCESS">
  <location/>
</result>

<result property="array-create-negative-size.5" status="SUCCESS">
  <location/>
</result>

<result property="array-create-negative-size.6" status="SUCCESS">
  <location/>
</result>

<result property="array-create-negative-size.7" status="SUCCESS">
  <location/>
</result>

<result property="array-create-negative-size.8" status="SUCCESS">
  <location/>
</result>

<result property="array-create-negative-size.9" status="SUCCESS">
  <location/>
</result>

<result property="java::BlockQuickSort.medianOf3Verf:([III)I.1" status="SUCCESS">
  <location file="BlockQuickSort.java" function="java::BlockQuickSort.medianOf3Verf:([III)I" line="3298"/>
</result>

<message type="STATUS-MESSAGE">
  <text>VERIFICATION SUCCESSFUL</text>
</message>

<cprover-status>SUCCESS</cprover-status>

</cprover>
