<?xml version="1.0" encoding="UTF-8"?>
<cprover>
<program>JBMC 5.81.0 (cbmc-5.81.0)</program>
<message type="WARNING">
  <text>**** WARNING: Use --unwinding-assertions to obtain sound verification results</text>
</message>

<message type="STATUS-MESSAGE">
  <text>JBMC version 5.81.0 (cbmc-5.81.0) 64-bit x86_64 linux</text>
</message>

<message type="STATUS-MESSAGE">
  <text>Parsing ...</text>
</message>

<message type="STATUS-MESSAGE">
  <text>Trying to load Java main class: BlockQuickSort</text>
</message>

<message type="STATUS-MESSAGE">
  <text>Found Java main class: BlockQuickSort</text>
</message>

<message type="STATUS-MESSAGE">
  <text>Converting</text>
</message>

<message type="WARNING">
  <text>stub class symbol java::java.lang.Object already exists</text>
</message>

<message type="STATUS-MESSAGE">
  <text>Java: added 38 String or Class constant symbols</text>
</message>

<message type="STATUS-MESSAGE">
  <text>Generating GOTO Program</text>
</message>

<message type="STATUS-MESSAGE">
  <text>Running GOTO functions transformation passes</text>
</message>

<message type="STATUS-MESSAGE">
  <text>Running with 16 object bits, 48 offset bits (default)</text>
</message>

<message type="STATUS-MESSAGE">
  <text>Starting Bounded Model Checking</text>
</message>

<message type="STATUS-MESSAGE">
  <text>Unwinding loop java::BlockQuickSort.partitionVerf:([III)I.0 iteration 1 file BlockQuickSort.java line 1616 function java::BlockQuickSort.partitionVerf:([III)I bytecode-index 64 thread 0</text>
</message>

<message type="STATUS-MESSAGE">
  <text>Unwinding loop java::BlockQuickSort.partitionVerf:([III)I.0 iteration 2 file BlockQuickSort.java line 1616 function java::BlockQuickSort.partitionVerf:([III)I bytecode-index 64 thread 0</text>
</message>

<message type="STATUS-MESSAGE">
  <text>Not unwinding loop java::BlockQuickSort.partitionVerf:([III)I.0 iteration 3 file BlockQuickSort.java line 1616 function java::BlockQuickSort.partitionVerf:([III)I bytecode-index 64 thread 0</text>
</message>

<message type="STATUS-MESSAGE">
  <text>Unwinding loop java::BlockQuickSort.partitionVerf:([III)I.1 iteration 1 file BlockQuickSort.java line 1615 function java::BlockQuickSort.partitionVerf:([III)I bytecode-index 66 thread 0</text>
</message>

<message type="STATUS-MESSAGE">
  <text>Unwinding loop java::BlockQuickSort.partitionVerf:([III)I.0 iteration 1 file BlockQuickSort.java line 1616 function java::BlockQuickSort.partitionVerf:([III)I bytecode-index 64 thread 0</text>
</message>

<message type="STATUS-MESSAGE">
  <text>Unwinding loop java::BlockQuickSort.partitionVerf:([III)I.0 iteration 2 file BlockQuickSort.java line 1616 function java::BlockQuickSort.partitionVerf:([III)I bytecode-index 64 thread 0</text>
</message>

<message type="STATUS-MESSAGE">
  <text>Not unwinding loop java::BlockQuickSort.partitionVerf:([III)I.0 iteration 3 file BlockQuickSort.java line 1616 function java::BlockQuickSort.partitionVerf:([III)I bytecode-index 64 thread 0</text>
</message>

<message type="STATUS-MESSAGE">
  <text>Unwinding loop java::BlockQuickSort.partitionVerf:([III)I.1 iteration 2 file BlockQuickSort.java line 1615 function java::BlockQuickSort.partitionVerf:([III)I bytecode-index 66 thread 0</text>
</message>

<message type="STATUS-MESSAGE">
  <text>Unwinding loop java::BlockQuickSort.partitionVerf:([III)I.0 iteration 1 file BlockQuickSort.java line 1616 function java::BlockQuickSort.partitionVerf:([III)I bytecode-index 64 thread 0</text>
</message>

<message type="STATUS-MESSAGE">
  <text>Unwinding loop java::BlockQuickSort.partitionVerf:([III)I.0 iteration 2 file BlockQuickSort.java line 1616 function java::BlockQuickSort.partitionVerf:([III)I bytecode-index 64 thread 0</text>
</message>

<message type="STATUS-MESSAGE">
  <text>Not unwinding loop java::BlockQuickSort.partitionVerf:([III)I.0 iteration 3 file BlockQuickSort.java line 1616 function java::BlockQuickSort.partitionVerf:([III)I bytecode-index 64 thread 0</text>
</message>

<message type="STATUS-MESSAGE">
  <text>Not unwinding loop java::BlockQuickSort.partitionVerf:([III)I.1 iteration 3 file BlockQuickSort.java line 1615 function java::BlockQuickSort.partitionVerf:([III)I bytecode-index 66 thread 0</text>
</message>

<message type="STATUS-MESSAGE">
  <text>Unwinding recursion java::BlockQuickSort.&lt;clinit_wrapper&gt; iteration 1</text>
</message>

<message type="STATUS-MESSAGE">
  <text>Unwinding loop java::BlockQuickSort.hoareBlockPartition:([IIII)I.0 iteration 1 file BlockQuickSort.java line 774 function java::BlockQuickSort.hoareBlockPartition:([IIII)I bytecode-index 76 thread 0</text>
</message>

<message type="STATUS-MESSAGE">
  <text>Unwinding loop java::BlockQuickSort.hoareBlockPartition:([IIII)I.0 iteration 2 file BlockQuickSort.java line 774 function java::BlockQuickSort.hoareBlockPartition:([IIII)I bytecode-index 76 thread 0</text>
</message>

<message type="STATUS-MESSAGE">
  <text>Unwinding loop java::BlockQuickSort.hoareBlockPartition:([IIII)I.1 iteration 1 file BlockQuickSort.java line 789 function java::BlockQuickSort.hoareBlockPartition:([IIII)I bytecode-index 104 thread 0</text>
</message>

<message type="STATUS-MESSAGE">
  <text>Unwinding loop java::BlockQuickSort.hoareBlockPartition:([IIII)I.1 iteration 2 file BlockQuickSort.java line 789 function java::BlockQuickSort.hoareBlockPartition:([IIII)I bytecode-index 104 thread 0</text>
</message>

<message type="STATUS-MESSAGE">
  <text>Unwinding loop java::BlockQuickSort.hoareBlockPartition:([IIII)I.2 iteration 1 file BlockQuickSort.java line 808 function java::BlockQuickSort.hoareBlockPartition:([IIII)I bytecode-index 133 thread 0</text>
</message>

<message type="STATUS-MESSAGE">
  <text>Unwinding loop java::BlockQuickSort.hoareBlockPartition:([IIII)I.2 iteration 2 file BlockQuickSort.java line 808 function java::BlockQuickSort.hoareBlockPartition:([IIII)I bytecode-index 133 thread 0</text>
</message>

<message type="STATUS-MESSAGE">
  <text>Unwinding loop java::BlockQuickSort.hoareBlockPartition:([IIII)I.3 iteration 1 file BlockQuickSort.java line 819 function java::BlockQuickSort.hoareBlockPartition:([IIII)I bytecode-index 166 thread 0</text>
</message>

<message type="STATUS-MESSAGE">
  <text>Unwinding loop java::BlockQuickSort.hoareBlockPartition:([IIII)I.0 iteration 1 file BlockQuickSort.java line 774 function java::BlockQuickSort.hoareBlockPartition:([IIII)I bytecode-index 76 thread 0</text>
</message>

<message type="STATUS-MESSAGE">
  <text>Unwinding loop java::BlockQuickSort.hoareBlockPartition:([IIII)I.0 iteration 2 file BlockQuickSort.java line 774 function java::BlockQuickSort.hoareBlockPartition:([IIII)I bytecode-index 76 thread 0</text>
</message>

<message type="STATUS-MESSAGE">
  <text>Unwinding loop java::BlockQuickSort.hoareBlockPartition:([IIII)I.1 iteration 1 file BlockQuickSort.java line 789 function java::BlockQuickSort.hoareBlockPartition:([IIII)I bytecode-index 104 thread 0</text>
</message>

<message type="STATUS-MESSAGE">
  <text>Unwinding loop java::BlockQuickSort.hoareBlockPartition:([IIII)I.1 iteration 2 file BlockQuickSort.java line 789 function java::BlockQuickSort.hoareBlockPartition:([IIII)I bytecode-index 104 thread 0</text>
</message>

<message type="STATUS-MESSAGE">
  <text>Unwinding loop java::BlockQuickSort.hoareBlockPartition:([IIII)I.2 iteration 1 file BlockQuickSort.java line 808 function java::BlockQuickSort.hoareBlockPartition:([IIII)I bytecode-index 133 thread 0</text>
</message>

<message type="STATUS-MESSAGE">
  <text>Unwinding loop java::BlockQuickSort.hoareBlockPartition:([IIII)I.2 iteration 2 file BlockQuickSort.java line 808 function java::BlockQuickSort.hoareBlockPartition:([IIII)I bytecode-index 133 thread 0</text>
</message>

<message type="STATUS-MESSAGE">
  <text>Not unwinding loop java::BlockQuickSort.hoareBlockPartition:([IIII)I.2 iteration 3 file BlockQuickSort.java line 808 function java::BlockQuickSort.hoareBlockPartition:([IIII)I bytecode-index 133 thread 0</text>
</message>

<message type="STATUS-MESSAGE">
  <text>Unwinding loop java::BlockQuickSort.hoareBlockPartition:([IIII)I.3 iteration 2 file BlockQuickSort.java line 819 function java::BlockQuickSort.hoareBlockPartition:([IIII)I bytecode-index 166 thread 0</text>
</message>

<message type="STATUS-MESSAGE">
  <text>Unwinding loop java::BlockQuickSort.hoareBlockPartition:([IIII)I.0 iteration 1 file BlockQuickSort.java line 774 function java::BlockQuickSort.hoareBlockPartition:([IIII)I bytecode-index 76 thread 0</text>
</message>

<message type="STATUS-MESSAGE">
  <text>Unwinding loop java::BlockQuickSort.hoareBlockPartition:([IIII)I.0 iteration 2 file BlockQuickSort.java line 774 function java::BlockQuickSort.hoareBlockPartition:([IIII)I bytecode-index 76 thread 0</text>
</message>

<message type="STATUS-MESSAGE">
  <text>Unwinding loop java::BlockQuickSort.hoareBlockPartition:([IIII)I.1 iteration 1 file BlockQuickSort.java line 789 function java::BlockQuickSort.hoareBlockPartition:([IIII)I bytecode-index 104 thread 0</text>
</message>

<message type="STATUS-MESSAGE">
  <text>Unwinding loop java::BlockQuickSort.hoareBlockPartition:([IIII)I.1 iteration 2 file BlockQuickSort.java line 789 function java::BlockQuickSort.hoareBlockPartition:([IIII)I bytecode-index 104 thread 0</text>
</message>

<message type="STATUS-MESSAGE">
  <text>Unwinding loop java::BlockQuickSort.hoareBlockPartition:([IIII)I.2 iteration 1 file BlockQuickSort.java line 808 function java::BlockQuickSort.hoareBlockPartition:([IIII)I bytecode-index 133 thread 0</text>
</message>

<message type="STATUS-MESSAGE">
  <text>Unwinding loop java::BlockQuickSort.hoareBlockPartition:([IIII)I.2 iteration 2 file BlockQuickSort.java line 808 function java::BlockQuickSort.hoareBlockPartition:([IIII)I bytecode-index 133 thread 0</text>
</message>

<message type="STATUS-MESSAGE">
  <text>Not unwinding loop java::BlockQuickSort.hoareBlockPartition:([IIII)I.2 iteration 3 file BlockQuickSort.java line 808 function java::BlockQuickSort.hoareBlockPartition:([IIII)I bytecode-index 133 thread 0</text>
</message>

<message type="STATUS-MESSAGE">
  <text>Not unwinding loop java::BlockQuickSort.hoareBlockPartition:([IIII)I.3 iteration 3 file BlockQuickSort.java line 819 function java::BlockQuickSort.hoareBlockPartition:([IIII)I bytecode-index 166 thread 0</text>
</message>

<message type="STATUS-MESSAGE">
  <text>Unwinding loop java::BlockQuickSort.hoareBlockPartition:([IIII)I.4 iteration 1 file BlockQuickSort.java line 842 function java::BlockQuickSort.hoareBlockPartition:([IIII)I bytecode-index 235 thread 0</text>
</message>

<message type="STATUS-MESSAGE">
  <text>Unwinding loop java::BlockQuickSort.hoareBlockPartition:([IIII)I.4 iteration 2 file BlockQuickSort.java line 842 function java::BlockQuickSort.hoareBlockPartition:([IIII)I bytecode-index 235 thread 0</text>
</message>

<message type="STATUS-MESSAGE">
  <text>Not unwinding loop java::BlockQuickSort.hoareBlockPartition:([IIII)I.4 iteration 3 file BlockQuickSort.java line 842 function java::BlockQuickSort.hoareBlockPartition:([IIII)I bytecode-index 235 thread 0</text>
</message>

<message type="STATUS-MESSAGE">
  <text>Unwinding loop java::BlockQuickSort.hoareBlockPartition:([IIII)I.5 iteration 1 file BlockQuickSort.java line 865 function java::BlockQuickSort.hoareBlockPartition:([IIII)I bytecode-index 298 thread 0</text>
</message>

<message type="STATUS-MESSAGE">
  <text>Unwinding loop java::BlockQuickSort.hoareBlockPartition:([IIII)I.5 iteration 2 file BlockQuickSort.java line 865 function java::BlockQuickSort.hoareBlockPartition:([IIII)I bytecode-index 298 thread 0</text>
</message>

<message type="STATUS-MESSAGE">
  <text>Not unwinding loop java::BlockQuickSort.hoareBlockPartition:([IIII)I.5 iteration 3 file BlockQuickSort.java line 865 function java::BlockQuickSort.hoareBlockPartition:([IIII)I bytecode-index 298 thread 0</text>
</message>

<message type="STATUS-MESSAGE">
  <text>Unwinding loop java::BlockQuickSort.hoareBlockPartition:([IIII)I.6 iteration 1 file BlockQuickSort.java line 881 function java::BlockQuickSort.hoareBlockPartition:([IIII)I bytecode-index 335 thread 0</text>
</message>

<message type="STATUS-MESSAGE">
  <text>Unwinding loop java::BlockQuickSort.hoareBlockPartition:([IIII)I.6 iteration 2 file BlockQuickSort.java line 881 function java::BlockQuickSort.hoareBlockPartition:([IIII)I bytecode-index 335 thread 0</text>
</message>

<message type="STATUS-MESSAGE">
  <text>Not unwinding loop java::BlockQuickSort.hoareBlockPartition:([IIII)I.6 iteration 3 file BlockQuickSort.java line 881 function java::BlockQuickSort.hoareBlockPartition:([IIII)I bytecode-index 335 thread 0</text>
</message>

<message type="STATUS-MESSAGE">
  <text>Unwinding loop java::BlockQuickSort.hoareBlockPartition:([IIII)I.7 iteration 1 file BlockQuickSort.java line 900 function java::BlockQuickSort.hoareBlockPartition:([IIII)I bytecode-index 364 thread 0</text>
</message>

<message type="STATUS-MESSAGE">
  <text>Unwinding loop java::BlockQuickSort.hoareBlockPartition:([IIII)I.7 iteration 2 file BlockQuickSort.java line 900 function java::BlockQuickSort.hoareBlockPartition:([IIII)I bytecode-index 364 thread 0</text>
</message>

<message type="STATUS-MESSAGE">
  <text>Not unwinding loop java::BlockQuickSort.hoareBlockPartition:([IIII)I.7 iteration 3 file BlockQuickSort.java line 900 function java::BlockQuickSort.hoareBlockPartition:([IIII)I bytecode-index 364 thread 0</text>
</message>

<message type="STATUS-MESSAGE">
  <text>Unwinding loop java::BlockQuickSort.hoareBlockPartition:([IIII)I.8 iteration 1 file BlockQuickSort.java line 924 function java::BlockQuickSort.hoareBlockPartition:([IIII)I bytecode-index 419 thread 0</text>
</message>

<message type="STATUS-MESSAGE">
  <text>Unwinding loop java::BlockQuickSort.hoareBlockPartition:([IIII)I.8 iteration 2 file BlockQuickSort.java line 924 function java::BlockQuickSort.hoareBlockPartition:([IIII)I bytecode-index 419 thread 0</text>
</message>

<message type="STATUS-MESSAGE">
  <text>Not unwinding loop java::BlockQuickSort.hoareBlockPartition:([IIII)I.8 iteration 3 file BlockQuickSort.java line 924 function java::BlockQuickSort.hoareBlockPartition:([IIII)I bytecode-index 419 thread 0</text>
</message>

<message type="STATUS-MESSAGE">
  <text>Unwinding loop java::BlockQuickSort.hoareBlockPartition:([IIII)I.9 iteration 1 file BlockQuickSort.java line 940 function java::BlockQuickSort.hoareBlockPartition:([IIII)I bytecode-index 435 thread 0</text>
</message>

<message type="STATUS-MESSAGE">
  <text>Unwinding loop java::BlockQuickSort.hoareBlockPartition:([IIII)I.9 iteration 2 file BlockQuickSort.java line 940 function java::BlockQuickSort.hoareBlockPartition:([IIII)I bytecode-index 435 thread 0</text>
</message>

<message type="STATUS-MESSAGE">
  <text>Not unwinding loop java::BlockQuickSort.hoareBlockPartition:([IIII)I.9 iteration 3 file BlockQuickSort.java line 940 function java::BlockQuickSort.hoareBlockPartition:([IIII)I bytecode-index 435 thread 0</text>
</message>

<message type="STATUS-MESSAGE">
  <text>Unwinding loop java::BlockQuickSort.hoareBlockPartition:([IIII)I.10 iteration 1 file BlockQuickSort.java line 958 function java::BlockQuickSort.hoareBlockPartition:([IIII)I bytecode-index 472 thread 0</text>
</message>

<message type="STATUS-MESSAGE">
  <text>Unwinding loop java::BlockQuickSort.hoareBlockPartition:([IIII)I.10 iteration 2 file BlockQuickSort.java line 958 function java::BlockQuickSort.hoareBlockPartition:([IIII)I bytecode-index 472 thread 0</text>
</message>

<message type="STATUS-MESSAGE">
  <text>Not unwinding loop java::BlockQuickSort.hoareBlockPartition:([IIII)I.10 iteration 3 file BlockQuickSort.java line 958 function java::BlockQuickSort.hoareBlockPartition:([IIII)I bytecode-index 472 thread 0</text>
</message>

<message type="STATUS-MESSAGE">
  <text>Unwinding loop java::BlockQuickSort.hoareBlockPartition:([IIII)I.11 iteration 1 file BlockQuickSort.java line 974 function java::BlockQuickSort.hoareBlockPartition:([IIII)I bytecode-index 488 thread 0</text>
</message>

<message type="STATUS-MESSAGE">
  <text>Unwinding loop java::BlockQuickSort.hoareBlockPartition:([IIII)I.11 iteration 2 file BlockQuickSort.java line 974 function java::BlockQuickSort.hoareBlockPartition:([IIII)I bytecode-index 488 thread 0</text>
</message>

<message type="STATUS-MESSAGE">
  <text>Not unwinding loop java::BlockQuickSort.hoareBlockPartition:([IIII)I.11 iteration 3 file BlockQuickSort.java line 974 function java::BlockQuickSort.hoareBlockPartition:([IIII)I bytecode-index 488 thread 0</text>
</message>

<message type="STATUS-MESSAGE">
  <text>aborting path on assume(false) at file BlockQuickSort.java line 1640 function java::BlockQuickSort.partitionVerf:([III)I bytecode-index 98 thread 0</text>
</message>

<message type="STATUS-MESSAGE">
  <text>aborting path on assume(false) at file BlockQuickSort.java line 1645 function java::BlockQuickSort.partitionVerf:([III)I bytecode-index 107 thread 0</text>
</message>

<message type="STATUS-MESSAGE">
  <text>aborting path on assume(false) at file BlockQuickSort.java line 1646 function java::BlockQuickSort.partitionVerf:([III)I bytecode-index 116 thread 0</text>
</message>

<message type="STATUS-MESSAGE">
  <text>Unwinding recursion java::org.cprover.CProver.&lt;clinit_wrapper&gt; iteration 1</text>
</message>

<message type="STATUS-MESSAGE">
  <text>Unwinding recursion java::org.cprover.CProver.&lt;clinit_wrapper&gt; iteration 1</text>
</message>

<message type="STATUS-MESSAGE">
  <text>aborting path on assume(false) at file BlockQuickSort.java line 1653 function java::BlockQuickSort.partitionVerf:([III)I bytecode-index 137 thread 0</text>
</message>

<message type="STATUS-MESSAGE">
  <text>aborting path on assume(false) at file BlockQuickSort.java line 1658 function java::BlockQuickSort.partitionVerf:([III)I bytecode-index 158 thread 0</text>
</message>

<message type="STATUS-MESSAGE">
  <text>Unwinding loop java::BlockQuickSort.partitionVerf:([III)I.2 iteration 1 file BlockQuickSort.java line 1666 function java::BlockQuickSort.partitionVerf:([III)I bytecode-index 195 thread 0</text>
</message>

<message type="STATUS-MESSAGE">
  <text>Unwinding loop java::BlockQuickSort.partitionVerf:([III)I.2 iteration 2 file BlockQuickSort.java line 1666 function java::BlockQuickSort.partitionVerf:([III)I bytecode-index 195 thread 0</text>
</message>

<message type="STATUS-MESSAGE">
  <text>Not unwinding loop java::BlockQuickSort.partitionVerf:([III)I.2 iteration 3 file BlockQuickSort.java line 1666 function java::BlockQuickSort.partitionVerf:([III)I bytecode-index 195 thread 0</text>
</message>

<message type="STATUS-MESSAGE">
  <text>Unwinding loop java::BlockQuickSort.partitionVerf:([III)I.3 iteration 1 file BlockQuickSort.java line 1670 function java::BlockQuickSort.partitionVerf:([III)I bytecode-index 222 thread 0</text>
</message>

<message type="STATUS-MESSAGE">
  <text>Unwinding loop java::BlockQuickSort.partitionVerf:([III)I.3 iteration 2 file BlockQuickSort.java line 1670 function java::BlockQuickSort.partitionVerf:([III)I bytecode-index 222 thread 0</text>
</message>

<message type="STATUS-MESSAGE">
  <text>Not unwinding loop java::BlockQuickSort.partitionVerf:([III)I.3 iteration 3 file BlockQuickSort.java line 1670 function java::BlockQuickSort.partitionVerf:([III)I bytecode-index 222 thread 0</text>
</message>

<message type="STATUS-MESSAGE">
  <text>aborting path on assume(false) at file BlockQuickSort.java line 1676 function java::BlockQuickSort.partitionVerf:([III)I bytecode-index 237 thread 0</text>
</message>

<message type="STATUS-MESSAGE">
  <text>Runtime Symex: 0.562772s</text>
</message>

<message type="STATUS-MESSAGE">
  <text>size of program expression: 3415 steps</text>
</message>

<message type="STATUS-MESSAGE">
  <text>simple slicing removed 10 assignments</text>
</message>

<message type="STATUS-MESSAGE">
  <text>Generated 704 VCC(s), 553 remaining after simplification</text>
</message>

<message type="STATUS-MESSAGE">
  <text>Runtime Postprocess Equation: 0.000867066s</text>
</message>

<message type="STATUS-MESSAGE">
  <text>Passing problem to string refinement loop with MiniSAT 2.2.1 without simplifier</text>
</message>

<message type="STATUS-MESSAGE">
  <text>converting SSA</text>
</message>

<message type="STATUS-MESSAGE">
  <text>Runtime Convert SSA: 0.136957s</text>
</message>

<message type="STATUS-MESSAGE">
  <text>Running string refinement loop with MiniSAT 2.2.1 without simplifier</text>
</message>

<message type="STATUS-MESSAGE">
  <text>BV-Refinement: post-processing</text>
</message>

<message type="STATUS-MESSAGE">
  <text>BV-Refinement: iteration 1</text>
</message>

<refinement-iteration>1</refinement-iteration>

<message type="STATUS-MESSAGE">
  <text>76924 variables, 319668 clauses</text>
</message>

<message type="STATUS-MESSAGE">
  <text>SAT checker: instance is UNSATISFIABLE</text>
</message>

<message type="STATUS-MESSAGE">
  <text>
BV-Refinement: got UNSAT, and the proof passes =&gt; UNSAT</text>
</message>

<message type="STATUS-MESSAGE">
  <text>Total iterations: 1</text>
</message>

<message type="STATUS-MESSAGE">
  <text>Runtime Solver: 0.124204s</text>
</message>

<message type="STATUS-MESSAGE">
  <text>Runtime decision procedure: 0.263931s</text>
</message>

<result property="java::BlockQuickSort.swap:([III)V.null-pointer-exception.1" status="SUCCESS">
  <location file="BlockQuickSort.java" function="java::BlockQuickSort.swap:([III)V" line="1436"/>
</result>

<result property="java::BlockQuickSort.swap:([III)V.array-index-out-of-bounds-low.1" status="SUCCESS">
  <location file="BlockQuickSort.java" function="java::BlockQuickSort.swap:([III)V" line="1436"/>
</result>

<result property="java::BlockQuickSort.swap:([III)V.array-index-out-of-bounds-high.1" status="SUCCESS">
  <location file="BlockQuickSort.java" function="java::BlockQuickSort.swap:([III)V" line="1436"/>
</result>

<result property="java::BlockQuickSort.swap:([III)V.null-pointer-exception.2" status="SUCCESS">
  <location file="BlockQuickSort.java" function="java::BlockQuickSort.swap:([III)V" line="1437"/>
</result>

<result property="java::BlockQuickSort.swap:([III)V.array-index-out-of-bounds-low.2" status="SUCCESS">
  <location file="BlockQuickSort.java" function="java::BlockQuickSort.swap:([III)V" line="1437"/>
</result>

<result property="java::BlockQuickSort.swap:([III)V.array-index-out-of-bounds-high.2" status="SUCCESS">
  <location file="BlockQuickSort.java" function="java::BlockQuickSort.swap:([III)V" line="1437"/>
</result>

<result property="java::BlockQuickSort.swap:([III)V.null-pointer-exception.3" status="SUCCESS">
  <location file="BlockQuickSort.java" function="java::BlockQuickSort.swap:([III)V" line="1437"/>
</result>

<result property="java::BlockQuickSort.swap:([III)V.array-index-out-of-bounds-low.3" status="SUCCESS">
  <location file="BlockQuickSort.java" function="java::BlockQuickSort.swap:([III)V" line="1437"/>
</result>

<result property="java::BlockQuickSort.swap:([III)V.array-index-out-of-bounds-high.3" status="SUCCESS">
  <location file="BlockQuickSort.java" function="java::BlockQuickSort.swap:([III)V" line="1437"/>
</result>

<result property="java::BlockQuickSort.swap:([III)V.null-pointer-exception.4" status="SUCCESS">
  <location file="BlockQuickSort.java" function="java::BlockQuickSort.swap:([III)V" line="1438"/>
</result>

<result property="java::BlockQuickSort.swap:([III)V.array-index-out-of-bounds-low.4" status="SUCCESS">
  <location file="BlockQuickSort.java" function="java::BlockQuickSort.swap:([III)V" line="1438"/>
</result>

<result property="java::BlockQuickSort.swap:([III)V.array-index-out-of-bounds-high.4" status="SUCCESS">
  <location file="BlockQuickSort.java" function="java::BlockQuickSort.swap:([III)V" line="1438"/>
</result>

<result property="java::BlockQuickSort$ReturnException.&lt;init&gt;:()V.null-pointer-exception.1" status="SUCCESS">
  <location file="BlockQuickSort.java" function="java::BlockQuickSort$ReturnException.&lt;init&gt;:()V" line="2028"/>
</result>

<result property="java::BlockQuickSort.sortPair:(II[I)V.null-pointer-exception.1" status="SUCCESS">
  <location file="BlockQuickSort.java" function="java::BlockQuickSort.sortPair:(II[I)V" line="1490"/>
</result>

<result property="java::BlockQuickSort.sortPair:(II[I)V.array-index-out-of-bounds-low.1" status="SUCCESS">
  <location file="BlockQuickSort.java" function="java::BlockQuickSort.sortPair:(II[I)V" line="1490"/>
</result>

<result property="java::BlockQuickSort.sortPair:(II[I)V.array-index-out-of-bounds-high.1" status="SUCCESS">
  <location file="BlockQuickSort.java" function="java::BlockQuickSort.sortPair:(II[I)V" line="1490"/>
</result>

<result property="java::BlockQuickSort.sortPair:(II[I)V.null-pointer-exception.2" status="SUCCESS">
  <location file="BlockQuickSort.java" function="java::BlockQuickSort.sortPair:(II[I)V" line="1490"/>
</result>

<result property="java::BlockQuickSort.sortPair:(II[I)V.array-index-out-of-bounds-low.2" status="SUCCESS">
  <location file="BlockQuickSort.java" function="java::BlockQuickSort.sortPair:(II[I)V" line="1490"/>
</result>

<result property="java::BlockQuickSort.sortPair:(II[I)V.array-index-out-of-bounds-high.2" status="SUCCESS">
  <location file="BlockQuickSort.java" function="java::BlockQuickSort.sortPair:(II[I)V" line="1490"/>
</result>

<result property="java::BlockQuickSort.medianOf3:([III)I.integer-divide-by-zero.1" status="SUCCESS">
  <location file="BlockQuickSort.java" function="java::BlockQuickSort.medianOf3:([III)I" line="1591"/>
</result>

<result property="java::BlockQuickSort.hoareBlockPartition:([IIII)I.array-create-negative-size.1" status="SUCCESS">
  <location file="BlockQuickSort.java" function="java::BlockQuickSort.hoareBlockPartition:([IIII)I" line="724"/>
</result>

<result property="java::BlockQuickSort.hoareBlockPartition:([IIII)I.array-create-negative-size.2" status="SUCCESS">
  <location file="BlockQuickSort.java" function="java::BlockQuickSort.hoareBlockPartition:([IIII)I" line="726"/>
</result>

<result property="java::BlockQuickSort.hoareBlockPartition:([IIII)I.null-pointer-exception.1" status="SUCCESS">
  <location file="BlockQuickSort.java" function="java::BlockQuickSort.hoareBlockPartition:([IIII)I" line="730"/>
</result>

<result property="java::BlockQuickSort.hoareBlockPartition:([IIII)I.array-index-out-of-bounds-low.1" status="SUCCESS">
  <location file="BlockQuickSort.java" function="java::BlockQuickSort.hoareBlockPartition:([IIII)I" line="730"/>
</result>

<result property="java::BlockQuickSort.hoareBlockPartition:([IIII)I.array-index-out-of-bounds-high.1" status="SUCCESS">
  <location file="BlockQuickSort.java" function="java::BlockQuickSort.hoareBlockPartition:([IIII)I" line="730"/>
</result>

<result property="java::BlockQuickSort.hoareBlockPartition:([IIII)I.null-pointer-exception.2" status="SUCCESS">
  <location file="BlockQuickSort.java" function="java::BlockQuickSort.hoareBlockPartition:([IIII)I" line="775"/>
</result>

<result property="java::BlockQuickSort.hoareBlockPartition:([IIII)I.array-index-out-of-bounds-low.2" status="SUCCESS">
  <location file="BlockQuickSort.java" function="java::BlockQuickSort.hoareBlockPartition:([IIII)I" line="775"/>
</result>

<result property="java::BlockQuickSort.hoareBlockPartition:([IIII)I.array-index-out-of-bounds-high.2" status="SUCCESS">
  <location file="BlockQuickSort.java" function="java::BlockQuickSort.hoareBlockPartition:([IIII)I" line="775"/>
</result>

<result property="java::BlockQuickSort.hoareBlockPartition:([IIII)I.null-pointer-exception.3" status="SUCCESS">
  <location file="BlockQuickSort.java" function="java::BlockQuickSort.hoareBlockPartition:([IIII)I" line="776"/>
</result>

<result property="java::BlockQuickSort.hoareBlockPartition:([IIII)I.array-index-out-of-bounds-low.3" status="SUCCESS">
  <location file="BlockQuickSort.java" function="java::BlockQuickSort.hoareBlockPartition:([IIII)I" line="776"/>
</result>

<result property="java::BlockQuickSort.hoareBlockPartition:([IIII)I.array-index-out-of-bounds-high.3" status="SUCCESS">
  <location file="BlockQuickSort.java" function="java::BlockQuickSort.hoareBlockPartition:([IIII)I" line="776"/>
</result>

<result property="java::BlockQuickSort.hoareBlockPartition:([IIII)I.null-pointer-exception.4" status="SUCCESS">
  <location file="BlockQuickSort.java" function="java::BlockQuickSort.hoareBlockPartition:([IIII)I" line="790"/>
</result>

<result property="java::BlockQuickSort.hoareBlockPartition:([IIII)I.array-index-out-of-bounds-low.4" status="SUCCESS">
  <location file="BlockQuickSort.java" function="java::BlockQuickSort.hoareBlockPartition:([IIII)I" line="790"/>
</result>

<result property="java::BlockQuickSort.hoareBlockPartition:([IIII)I.array-index-out-of-bounds-high.4" status="SUCCESS">
  <location file="BlockQuickSort.java" function="java::BlockQuickSort.hoareBlockPartition:([IIII)I" line="790"/>
</result>

<result property="java::BlockQuickSort.hoareBlockPartition:([IIII)I.null-pointer-exception.5" status="SUCCESS">
  <location file="BlockQuickSort.java" function="java::BlockQuickSort.hoareBlockPartition:([IIII)I" line="791"/>
</result>

<result property="java::BlockQuickSort.hoareBlockPartition:([IIII)I.array-index-out-of-bounds-low.5" status="SUCCESS">
  <location file="BlockQuickSort.java" function="java::BlockQuickSort.hoareBlockPartition:([IIII)I" line="791"/>
</result>

<result property="java::BlockQuickSort.hoareBlockPartition:([IIII)I.array-index-out-of-bounds-high.5" status="SUCCESS">
  <location file="BlockQuickSort.java" function="java::BlockQuickSort.hoareBlockPartition:([IIII)I" line="791"/>
</result>

<result property="java::BlockQuickSort.hoareBlockPartition:([IIII)I.null-pointer-exception.6" status="SUCCESS">
  <location file="BlockQuickSort.java" function="java::BlockQuickSort.hoareBlockPartition:([IIII)I" line="809"/>
</result>

<result property="java::BlockQuickSort.hoareBlockPartition:([IIII)I.array-index-out-of-bounds-low.6" status="SUCCESS">
  <location file="BlockQuickSort.java" function="java::BlockQuickSort.hoareBlockPartition:([IIII)I" line="809"/>
</result>

<result property="java::BlockQuickSort.hoareBlockPartition:([IIII)I.array-index-out-of-bounds-high.6" status="SUCCESS">
  <location file="BlockQuickSort.java" function="java::BlockQuickSort.hoareBlockPartition:([IIII)I" line="809"/>
</result>

<result property="java::BlockQuickSort.hoareBlockPartition:([IIII)I.null-pointer-exception.7" status="SUCCESS">
  <location file="BlockQuickSort.java" function="java::BlockQuickSort.hoareBlockPartition:([IIII)I" line="809"/>
</result>

<result property="java::BlockQuickSort.hoareBlockPartition:([IIII)I.array-index-out-of-bounds-low.7" status="SUCCESS">
  <location file="BlockQuickSort.java" function="java::BlockQuickSort.hoareBlockPartition:([IIII)I" line="809"/>
</result>

<result property="java::BlockQuickSort.hoareBlockPartition:([IIII)I.array-index-out-of-bounds-high.7" status="SUCCESS">
  <location file="BlockQuickSort.java" function="java::BlockQuickSort.hoareBlockPartition:([IIII)I" line="809"/>
</result>

<result property="java::BlockQuickSort.hoareBlockPartition:([IIII)I.integer-divide-by-zero.1" status="SUCCESS">
  <location file="BlockQuickSort.java" function="java::BlockQuickSort.hoareBlockPartition:([IIII)I" line="827"/>
</result>

<result property="java::BlockQuickSort.hoareBlockPartition:([IIII)I.null-pointer-exception.8" status="SUCCESS">
  <location file="BlockQuickSort.java" function="java::BlockQuickSort.hoareBlockPartition:([IIII)I" line="843"/>
</result>

<result property="java::BlockQuickSort.hoareBlockPartition:([IIII)I.array-index-out-of-bounds-low.8" status="SUCCESS">
  <location file="BlockQuickSort.java" function="java::BlockQuickSort.hoareBlockPartition:([IIII)I" line="843"/>
</result>

<result property="java::BlockQuickSort.hoareBlockPartition:([IIII)I.array-index-out-of-bounds-high.8" status="SUCCESS">
  <location file="BlockQuickSort.java" function="java::BlockQuickSort.hoareBlockPartition:([IIII)I" line="843"/>
</result>

<result property="java::BlockQuickSort.hoareBlockPartition:([IIII)I.null-pointer-exception.9" status="SUCCESS">
  <location file="BlockQuickSort.java" function="java::BlockQuickSort.hoareBlockPartition:([IIII)I" line="844"/>
</result>

<result property="java::BlockQuickSort.hoareBlockPartition:([IIII)I.array-index-out-of-bounds-low.9" status="SUCCESS">
  <location file="BlockQuickSort.java" function="java::BlockQuickSort.hoareBlockPartition:([IIII)I" line="844"/>
</result>

<result property="java::BlockQuickSort.hoareBlockPartition:([IIII)I.array-index-out-of-bounds-high.9" status="SUCCESS">
  <location file="BlockQuickSort.java" function="java::BlockQuickSort.hoareBlockPartition:([IIII)I" line="844"/>
</result>

<result property="java::BlockQuickSort.hoareBlockPartition:([IIII)I.null-pointer-exception.10" status="SUCCESS">
  <location file="BlockQuickSort.java" function="java::BlockQuickSort.hoareBlockPartition:([IIII)I" line="845"/>
</result>

<result property="java::BlockQuickSort.hoareBlockPartition:([IIII)I.array-index-out-of-bounds-low.10" status="SUCCESS">
  <location file="BlockQuickSort.java" function="java::BlockQuickSort.hoareBlockPartition:([IIII)I" line="845"/>
</result>

<result property="java::BlockQuickSort.hoareBlockPartition:([IIII)I.array-index-out-of-bounds-high.10" status="SUCCESS">
  <location file="BlockQuickSort.java" function="java::BlockQuickSort.hoareBlockPartition:([IIII)I" line="845"/>
</result>

<result property="java::BlockQuickSort.hoareBlockPartition:([IIII)I.null-pointer-exception.11" status="SUCCESS">
  <location file="BlockQuickSort.java" function="java::BlockQuickSort.hoareBlockPartition:([IIII)I" line="846"/>
</result>

<result property="java::BlockQuickSort.hoareBlockPartition:([IIII)I.array-index-out-of-bounds-low.11" status="SUCCESS">
  <location file="BlockQuickSort.java" function="java::BlockQuickSort.hoareBlockPartition:([IIII)I" line="846"/>
</result>

<result property="java::BlockQuickSort.hoareBlockPartition:([IIII)I.array-index-out-of-bounds-high.11" status="SUCCESS">
  <location file="BlockQuickSort.java" function="java::BlockQuickSort.hoareBlockPartition:([IIII)I" line="846"/>
</result>

<result property="java::BlockQuickSort.hoareBlockPartition:([IIII)I.null-pointer-exception.12" status="SUCCESS">
  <location file="BlockQuickSort.java" function="java::BlockQuickSort.hoareBlockPartition:([IIII)I" line="850"/>
</result>

<result property="java::BlockQuickSort.hoareBlockPartition:([IIII)I.array-index-out-of-bounds-low.12" status="SUCCESS">
  <location file="BlockQuickSort.java" function="java::BlockQuickSort.hoareBlockPartition:([IIII)I" line="850"/>
</result>

<result property="java::BlockQuickSort.hoareBlockPartition:([IIII)I.array-index-out-of-bounds-high.12" status="SUCCESS">
  <location file="BlockQuickSort.java" function="java::BlockQuickSort.hoareBlockPartition:([IIII)I" line="850"/>
</result>

<result property="java::BlockQuickSort.hoareBlockPartition:([IIII)I.null-pointer-exception.13" status="SUCCESS">
  <location file="BlockQuickSort.java" function="java::BlockQuickSort.hoareBlockPartition:([IIII)I" line="851"/>
</result>

<result property="java::BlockQuickSort.hoareBlockPartition:([IIII)I.array-index-out-of-bounds-low.13" status="SUCCESS">
  <location file="BlockQuickSort.java" function="java::BlockQuickSort.hoareBlockPartition:([IIII)I" line="851"/>
</result>

<result property="java::BlockQuickSort.hoareBlockPartition:([IIII)I.array-index-out-of-bounds-high.13" status="SUCCESS">
  <location file="BlockQuickSort.java" function="java::BlockQuickSort.hoareBlockPartition:([IIII)I" line="851"/>
</result>

<result property="java::BlockQuickSort.hoareBlockPartition:([IIII)I.null-pointer-exception.14" status="SUCCESS">
  <location file="BlockQuickSort.java" function="java::BlockQuickSort.hoareBlockPartition:([IIII)I" line="866"/>
</result>

<result property="java::BlockQuickSort.hoareBlockPartition:([IIII)I.array-index-out-of-bounds-low.14" status="SUCCESS">
  <location file="BlockQuickSort.java" function="java::BlockQuickSort.hoareBlockPartition:([IIII)I" line="866"/>
</result>

<result property="java::BlockQuickSort.hoareBlockPartition:([IIII)I.array-index-out-of-bounds-high.14" status="SUCCESS">
  <location file="BlockQuickSort.java" function="java::BlockQuickSort.hoareBlockPartition:([IIII)I" line="866"/>
</result>

<result property="java::BlockQuickSort.hoareBlockPartition:([IIII)I.null-pointer-exception.15" status="SUCCESS">
  <location file="BlockQuickSort.java" function="java::BlockQuickSort.hoareBlockPartition:([IIII)I" line="867"/>
</result>

<result property="java::BlockQuickSort.hoareBlockPartition:([IIII)I.array-index-out-of-bounds-low.15" status="SUCCESS">
  <location file="BlockQuickSort.java" function="java::BlockQuickSort.hoareBlockPartition:([IIII)I" line="867"/>
</result>

<result property="java::BlockQuickSort.hoareBlockPartition:([IIII)I.array-index-out-of-bounds-high.15" status="SUCCESS">
  <location file="BlockQuickSort.java" function="java::BlockQuickSort.hoareBlockPartition:([IIII)I" line="867"/>
</result>

<result property="java::BlockQuickSort.hoareBlockPartition:([IIII)I.null-pointer-exception.16" status="SUCCESS">
  <location file="BlockQuickSort.java" function="java::BlockQuickSort.hoareBlockPartition:([IIII)I" line="882"/>
</result>

<result property="java::BlockQuickSort.hoareBlockPartition:([IIII)I.array-index-out-of-bounds-low.16" status="SUCCESS">
  <location file="BlockQuickSort.java" function="java::BlockQuickSort.hoareBlockPartition:([IIII)I" line="882"/>
</result>

<result property="java::BlockQuickSort.hoareBlockPartition:([IIII)I.array-index-out-of-bounds-high.16" status="SUCCESS">
  <location file="BlockQuickSort.java" function="java::BlockQuickSort.hoareBlockPartition:([IIII)I" line="882"/>
</result>

<result property="java::BlockQuickSort.hoareBlockPartition:([IIII)I.null-pointer-exception.17" status="SUCCESS">
  <location file="BlockQuickSort.java" function="java::BlockQuickSort.hoareBlockPartition:([IIII)I" line="883"/>
</result>

<result property="java::BlockQuickSort.hoareBlockPartition:([IIII)I.array-index-out-of-bounds-low.17" status="SUCCESS">
  <location file="BlockQuickSort.java" function="java::BlockQuickSort.hoareBlockPartition:([IIII)I" line="883"/>
</result>

<result property="java::BlockQuickSort.hoareBlockPartition:([IIII)I.array-index-out-of-bounds-high.17" status="SUCCESS">
  <location file="BlockQuickSort.java" function="java::BlockQuickSort.hoareBlockPartition:([IIII)I" line="883"/>
</result>

<result property="java::BlockQuickSort.hoareBlockPartition:([IIII)I.null-pointer-exception.18" status="SUCCESS">
  <location file="BlockQuickSort.java" function="java::BlockQuickSort.hoareBlockPartition:([IIII)I" line="901"/>
</result>

<result property="java::BlockQuickSort.hoareBlockPartition:([IIII)I.array-index-out-of-bounds-low.18" status="SUCCESS">
  <location file="BlockQuickSort.java" function="java::BlockQuickSort.hoareBlockPartition:([IIII)I" line="901"/>
</result>

<result property="java::BlockQuickSort.hoareBlockPartition:([IIII)I.array-index-out-of-bounds-high.18" status="SUCCESS">
  <location file="BlockQuickSort.java" function="java::BlockQuickSort.hoareBlockPartition:([IIII)I" line="901"/>
</result>

<result property="java::BlockQuickSort.hoareBlockPartition:([IIII)I.null-pointer-exception.19" status="SUCCESS">
  <location file="BlockQuickSort.java" function="java::BlockQuickSort.hoareBlockPartition:([IIII)I" line="901"/>
</result>

<result property="java::BlockQuickSort.hoareBlockPartition:([IIII)I.array-index-out-of-bounds-low.19" status="SUCCESS">
  <location file="BlockQuickSort.java" function="java::BlockQuickSort.hoareBlockPartition:([IIII)I" line="901"/>
</result>

<result property="java::BlockQuickSort.hoareBlockPartition:([IIII)I.array-index-out-of-bounds-high.19" status="SUCCESS">
  <location file="BlockQuickSort.java" function="java::BlockQuickSort.hoareBlockPartition:([IIII)I" line="901"/>
</result>

<result property="java::BlockQuickSort.hoareBlockPartition:([IIII)I.null-pointer-exception.20" status="SUCCESS">
  <location file="BlockQuickSort.java" function="java::BlockQuickSort.hoareBlockPartition:([IIII)I" line="922"/>
</result>

<result property="java::BlockQuickSort.hoareBlockPartition:([IIII)I.array-index-out-of-bounds-low.20" status="SUCCESS">
  <location file="BlockQuickSort.java" function="java::BlockQuickSort.hoareBlockPartition:([IIII)I" line="922"/>
</result>

<result property="java::BlockQuickSort.hoareBlockPartition:([IIII)I.array-index-out-of-bounds-high.20" status="SUCCESS">
  <location file="BlockQuickSort.java" function="java::BlockQuickSort.hoareBlockPartition:([IIII)I" line="922"/>
</result>

<result property="java::BlockQuickSort.hoareBlockPartition:([IIII)I.null-pointer-exception.21" status="SUCCESS">
  <location file="BlockQuickSort.java" function="java::BlockQuickSort.hoareBlockPartition:([IIII)I" line="938"/>
</result>

<result property="java::BlockQuickSort.hoareBlockPartition:([IIII)I.array-index-out-of-bounds-low.21" status="SUCCESS">
  <location file="BlockQuickSort.java" function="java::BlockQuickSort.hoareBlockPartition:([IIII)I" line="938"/>
</result>

<result property="java::BlockQuickSort.hoareBlockPartition:([IIII)I.array-index-out-of-bounds-high.21" status="SUCCESS">
  <location file="BlockQuickSort.java" function="java::BlockQuickSort.hoareBlockPartition:([IIII)I" line="938"/>
</result>

<result property="java::BlockQuickSort.hoareBlockPartition:([IIII)I.null-pointer-exception.22" status="SUCCESS">
  <location file="BlockQuickSort.java" function="java::BlockQuickSort.hoareBlockPartition:([IIII)I" line="956"/>
</result>

<result property="java::BlockQuickSort.hoareBlockPartition:([IIII)I.array-index-out-of-bounds-low.22" status="SUCCESS">
  <location file="BlockQuickSort.java" function="java::BlockQuickSort.hoareBlockPartition:([IIII)I" line="956"/>
</result>

<result property="java::BlockQuickSort.hoareBlockPartition:([IIII)I.array-index-out-of-bounds-high.22" status="SUCCESS">
  <location file="BlockQuickSort.java" function="java::BlockQuickSort.hoareBlockPartition:([IIII)I" line="956"/>
</result>

<result property="java::BlockQuickSort.hoareBlockPartition:([IIII)I.null-pointer-exception.23" status="SUCCESS">
  <location file="BlockQuickSort.java" function="java::BlockQuickSort.hoareBlockPartition:([IIII)I" line="972"/>
</result>

<result property="java::BlockQuickSort.hoareBlockPartition:([IIII)I.array-index-out-of-bounds-low.23" status="SUCCESS">
  <location file="BlockQuickSort.java" function="java::BlockQuickSort.hoareBlockPartition:([IIII)I" line="972"/>
</result>

<result property="java::BlockQuickSort.hoareBlockPartition:([IIII)I.array-index-out-of-bounds-high.23" status="SUCCESS">
  <location file="BlockQuickSort.java" function="java::BlockQuickSort.hoareBlockPartition:([IIII)I" line="972"/>
</result>

<result property="java::BlockQuickSort.partitionVerf:([III)I.null-pointer-exception.1" status="SUCCESS">
  <location file="BlockQuickSort.java" function="java::BlockQuickSort.partitionVerf:([III)I" line="1602"/>
</result>

<result property="java::BlockQuickSort.partitionVerf:([III)I.null-pointer-exception.2" status="SUCCESS">
  <location file="BlockQuickSort.java" function="java::BlockQuickSort.partitionVerf:([III)I" line="1610"/>
</result>

<result property="java::BlockQuickSort.partitionVerf:([III)I.null-pointer-exception.3" status="SUCCESS">
  <location file="BlockQuickSort.java" function="java::BlockQuickSort.partitionVerf:([III)I" line="1613"/>
</result>

<result property="java::BlockQuickSort.partitionVerf:([III)I.array-create-negative-size.1" status="SUCCESS">
  <location file="BlockQuickSort.java" function="java::BlockQuickSort.partitionVerf:([III)I" line="1614"/>
</result>

<result property="java::BlockQuickSort.partitionVerf:([III)I.null-pointer-exception.4" status="SUCCESS">
  <location file="BlockQuickSort.java" function="java::BlockQuickSort.partitionVerf:([III)I" line="1618"/>
</result>

<result property="java::BlockQuickSort.partitionVerf:([III)I.integer-divide-by-zero.1" status="SUCCESS">
  <location file="BlockQuickSort.java" function="java::BlockQuickSort.partitionVerf:([III)I" line="1618"/>
</result>

<result property="java::BlockQuickSort.partitionVerf:([III)I.array-index-out-of-bounds-low.1" status="SUCCESS">
  <location file="BlockQuickSort.java" function="java::BlockQuickSort.partitionVerf:([III)I" line="1618"/>
</result>

<result property="java::BlockQuickSort.partitionVerf:([III)I.array-index-out-of-bounds-high.1" status="SUCCESS">
  <location file="BlockQuickSort.java" function="java::BlockQuickSort.partitionVerf:([III)I" line="1618"/>
</result>

<result property="java::BlockQuickSort.partitionVerf:([III)I.null-pointer-exception.5" status="SUCCESS">
  <location file="BlockQuickSort.java" function="java::BlockQuickSort.partitionVerf:([III)I" line="1618"/>
</result>

<result property="java::BlockQuickSort.partitionVerf:([III)I.array-index-out-of-bounds-low.2" status="SUCCESS">
  <location file="BlockQuickSort.java" function="java::BlockQuickSort.partitionVerf:([III)I" line="1618"/>
</result>

<result property="java::BlockQuickSort.partitionVerf:([III)I.array-index-out-of-bounds-high.2" status="SUCCESS">
  <location file="BlockQuickSort.java" function="java::BlockQuickSort.partitionVerf:([III)I" line="1618"/>
</result>

<result property="java::BlockQuickSort.partitionVerf:([III)I.null-pointer-exception.6" status="SUCCESS">
  <location file="BlockQuickSort.java" function="java::BlockQuickSort.partitionVerf:([III)I" line="1632"/>
</result>

<result property="java::BlockQuickSort.partitionVerf:([III)I.null-pointer-exception.7" status="SUCCESS">
  <location file="BlockQuickSort.java" function="java::BlockQuickSort.partitionVerf:([III)I" line="1632"/>
</result>

<result property="java::BlockQuickSort.partitionVerf:([III)I.null-pointer-exception.8" status="SUCCESS">
  <location file="BlockQuickSort.java" function="java::BlockQuickSort.partitionVerf:([III)I" line="1640"/>
</result>

<result property="java::BlockQuickSort.partitionVerf:([III)I.null-pointer-exception.9" status="SUCCESS">
  <location file="BlockQuickSort.java" function="java::BlockQuickSort.partitionVerf:([III)I" line="1640"/>
</result>

<result property="java::BlockQuickSort.partitionVerf:([III)I.assertion.1" status="SUCCESS">
  <location file="BlockQuickSort.java" function="java::BlockQuickSort.partitionVerf:([III)I" line="1640"/>
</result>

<result property="java::BlockQuickSort.partitionVerf:([III)I.null-pointer-exception.10" status="SUCCESS">
  <location file="BlockQuickSort.java" function="java::BlockQuickSort.partitionVerf:([III)I" line="1645"/>
</result>

<result property="java::BlockQuickSort.partitionVerf:([III)I.assertion.2" status="SUCCESS">
  <location file="BlockQuickSort.java" function="java::BlockQuickSort.partitionVerf:([III)I" line="1645"/>
</result>

<result property="java::BlockQuickSort.partitionVerf:([III)I.null-pointer-exception.11" status="SUCCESS">
  <location file="BlockQuickSort.java" function="java::BlockQuickSort.partitionVerf:([III)I" line="1646"/>
</result>

<result property="java::BlockQuickSort.partitionVerf:([III)I.assertion.3" status="SUCCESS">
  <location file="BlockQuickSort.java" function="java::BlockQuickSort.partitionVerf:([III)I" line="1646"/>
</result>

<result property="java::BlockQuickSort.partitionVerf:([III)I.null-pointer-exception.12" status="SUCCESS">
  <location file="BlockQuickSort.java" function="java::BlockQuickSort.partitionVerf:([III)I" line="1653"/>
</result>

<result property="java::BlockQuickSort.partitionVerf:([III)I.array-index-out-of-bounds-low.3" status="SUCCESS">
  <location file="BlockQuickSort.java" function="java::BlockQuickSort.partitionVerf:([III)I" line="1653"/>
</result>

<result property="java::BlockQuickSort.partitionVerf:([III)I.array-index-out-of-bounds-high.3" status="SUCCESS">
  <location file="BlockQuickSort.java" function="java::BlockQuickSort.partitionVerf:([III)I" line="1653"/>
</result>

<result property="java::BlockQuickSort.partitionVerf:([III)I.null-pointer-exception.13" status="SUCCESS">
  <location file="BlockQuickSort.java" function="java::BlockQuickSort.partitionVerf:([III)I" line="1653"/>
</result>

<result property="java::BlockQuickSort.partitionVerf:([III)I.array-index-out-of-bounds-low.4" status="SUCCESS">
  <location file="BlockQuickSort.java" function="java::BlockQuickSort.partitionVerf:([III)I" line="1653"/>
</result>

<result property="java::BlockQuickSort.partitionVerf:([III)I.array-index-out-of-bounds-high.4" status="SUCCESS">
  <location file="BlockQuickSort.java" function="java::BlockQuickSort.partitionVerf:([III)I" line="1653"/>
</result>

<result property="java::BlockQuickSort.partitionVerf:([III)I.null-pointer-exception.14" status="SUCCESS">
  <location file="BlockQuickSort.java" function="java::BlockQuickSort.partitionVerf:([III)I" line="1653"/>
</result>

<result property="java::BlockQuickSort.partitionVerf:([III)I.assertion.4" status="SUCCESS">
  <location file="BlockQuickSort.java" function="java::BlockQuickSort.partitionVerf:([III)I" line="1653"/>
</result>

<result property="java::BlockQuickSort.partitionVerf:([III)I.null-pointer-exception.15" status="SUCCESS">
  <location file="BlockQuickSort.java" function="java::BlockQuickSort.partitionVerf:([III)I" line="1658"/>
</result>

<result property="java::BlockQuickSort.partitionVerf:([III)I.array-index-out-of-bounds-low.5" status="SUCCESS">
  <location file="BlockQuickSort.java" function="java::BlockQuickSort.partitionVerf:([III)I" line="1658"/>
</result>

<result property="java::BlockQuickSort.partitionVerf:([III)I.array-index-out-of-bounds-high.5" status="SUCCESS">
  <location file="BlockQuickSort.java" function="java::BlockQuickSort.partitionVerf:([III)I" line="1658"/>
</result>

<result property="java::BlockQuickSort.partitionVerf:([III)I.null-pointer-exception.16" status="SUCCESS">
  <location file="BlockQuickSort.java" function="java::BlockQuickSort.partitionVerf:([III)I" line="1658"/>
</result>

<result property="java::BlockQuickSort.partitionVerf:([III)I.array-index-out-of-bounds-low.6" status="SUCCESS">
  <location file="BlockQuickSort.java" function="java::BlockQuickSort.partitionVerf:([III)I" line="1658"/>
</result>

<result property="java::BlockQuickSort.partitionVerf:([III)I.array-index-out-of-bounds-high.6" status="SUCCESS">
  <location file="BlockQuickSort.java" function="java::BlockQuickSort.partitionVerf:([III)I" line="1658"/>
</result>

<result property="java::BlockQuickSort.partitionVerf:([III)I.null-pointer-exception.17" status="SUCCESS">
  <location file="BlockQuickSort.java" function="java::BlockQuickSort.partitionVerf:([III)I" line="1658"/>
</result>

<result property="java::BlockQuickSort.partitionVerf:([III)I.assertion.5" status="SUCCESS">
  <location file="BlockQuickSort.java" function="java::BlockQuickSort.partitionVerf:([III)I" line="1658"/>
</result>

<result property="java::BlockQuickSort.partitionVerf:([III)I.null-pointer-exception.18" status="SUCCESS">
  <location file="BlockQuickSort.java" function="java::BlockQuickSort.partitionVerf:([III)I" line="1667"/>
</result>

<result property="java::BlockQuickSort.partitionVerf:([III)I.array-index-out-of-bounds-low.7" status="SUCCESS">
  <location file="BlockQuickSort.java" function="java::BlockQuickSort.partitionVerf:([III)I" line="1667"/>
</result>

<result property="java::BlockQuickSort.partitionVerf:([III)I.array-index-out-of-bounds-high.7" status="SUCCESS">
  <location file="BlockQuickSort.java" function="java::BlockQuickSort.partitionVerf:([III)I" line="1667"/>
</result>

<result property="java::BlockQuickSort.partitionVerf:([III)I.null-pointer-exception.19" status="SUCCESS">
  <location file="BlockQuickSort.java" function="java::BlockQuickSort.partitionVerf:([III)I" line="1667"/>
</result>

<result property="java::BlockQuickSort.partitionVerf:([III)I.array-index-out-of-bounds-low.8" status="SUCCESS">
  <location file="BlockQuickSort.java" function="java::BlockQuickSort.partitionVerf:([III)I" line="1667"/>
</result>

<result property="java::BlockQuickSort.partitionVerf:([III)I.array-index-out-of-bounds-high.8" status="SUCCESS">
  <location file="BlockQuickSort.java" function="java::BlockQuickSort.partitionVerf:([III)I" line="1667"/>
</result>

<result property="java::BlockQuickSort.partitionVerf:([III)I.null-pointer-exception.20" status="SUCCESS">
  <location file="BlockQuickSort.java" function="java::BlockQuickSort.partitionVerf:([III)I" line="1671"/>
</result>

<result property="java::BlockQuickSort.partitionVerf:([III)I.array-index-out-of-bounds-low.9" status="SUCCESS">
  <location file="BlockQuickSort.java" function="java::BlockQuickSort.partitionVerf:([III)I" line="1671"/>
</result>

<result property="java::BlockQuickSort.partitionVerf:([III)I.array-index-out-of-bounds-high.9" status="SUCCESS">
  <location file="BlockQuickSort.java" function="java::BlockQuickSort.partitionVerf:([III)I" line="1671"/>
</result>

<result property="java::BlockQuickSort.partitionVerf:([III)I.null-pointer-exception.21" status="SUCCESS">
  <location file="BlockQuickSort.java" function="java::BlockQuickSort.partitionVerf:([III)I" line="1671"/>
</result>

<result property="java::BlockQuickSort.partitionVerf:([III)I.integer-divide-by-zero.2" status="SUCCESS">
  <location file="BlockQuickSort.java" function="java::BlockQuickSort.partitionVerf:([III)I" line="1671"/>
</result>

<result property="java::BlockQuickSort.partitionVerf:([III)I.array-index-out-of-bounds-low.10" status="SUCCESS">
  <location file="BlockQuickSort.java" function="java::BlockQuickSort.partitionVerf:([III)I" line="1671"/>
</result>

<result property="java::BlockQuickSort.partitionVerf:([III)I.array-index-out-of-bounds-high.10" status="SUCCESS">
  <location file="BlockQuickSort.java" function="java::BlockQuickSort.partitionVerf:([III)I" line="1671"/>
</result>

<result property="java::BlockQuickSort.partitionVerf:([III)I.null-pointer-exception.22" status="SUCCESS">
  <location file="BlockQuickSort.java" function="java::BlockQuickSort.partitionVerf:([III)I" line="1676"/>
</result>

<result property="java::BlockQuickSort.partitionVerf:([III)I.assertion.6" status="SUCCESS">
  <location file="BlockQuickSort.java" function="java::BlockQuickSort.partitionVerf:([III)I" line="1676"/>
</result>

<result property="java::BlockQuickSort.&lt;clinit&gt;:()V.null-pointer-exception.1" status="SUCCESS">
  <location file="BlockQuickSort.java" function="java::BlockQuickSort.&lt;clinit&gt;:()V" line="4"/>
</result>

<result property="array-create-negative-size.1" status="SUCCESS">
  <location/>
</result>

<result property="array-create-negative-size.2" status="SUCCESS">
  <location/>
</result>

<result property="array-create-negative-size.3" status="SUCCESS">
  <location/>
</result>

<result property="array-create-negative-size.4" status="SUCCESS">
  <location/>
</result>

<result property="array-create-negative-size.5" status="SUCCESS">
  <location/>
</result>

<result property="array-create-negative-size.6" status="SUCCESS">
  <location/>
</result>

<result property="array-create-negative-size.7" status="SUCCESS">
  <location/>
</result>

<result property="array-create-negative-size.8" status="SUCCESS">
  <location/>
</result>

<result property="array-create-negative-size.9" status="SUCCESS">
  <location/>
</result>

<result property="java::BlockQuickSort.partitionVerf:([III)I.1" status="SUCCESS">
  <location file="BlockQuickSort.java" function="java::BlockQuickSort.partitionVerf:([III)I" line="1602"/>
</result>

<message type="STATUS-MESSAGE">
  <text>VERIFICATION SUCCESSFUL</text>
</message>

<cprover-status>SUCCESS</cprover-status>

</cprover>
