<?xml version="1.0" encoding="UTF-8"?>
<cprover>
<program>JBMC 5.81.0 (cbmc-5.81.0)</program>
<message type="WARNING">
  <text>**** WARNING: Use --unwinding-assertions to obtain sound verification results</text>
</message>

<message type="STATUS-MESSAGE">
  <text>JBMC version 5.81.0 (cbmc-5.81.0) 64-bit x86_64 linux</text>
</message>

<message type="STATUS-MESSAGE">
  <text>Parsing ...</text>
</message>

<message type="STATUS-MESSAGE">
  <text>Trying to load Java main class: BlockQuickSort</text>
</message>

<message type="STATUS-MESSAGE">
  <text>Found Java main class: BlockQuickSort</text>
</message>

<message type="STATUS-MESSAGE">
  <text>Converting</text>
</message>

<message type="WARNING">
  <text>stub class symbol java::java.lang.Object already exists</text>
</message>

<message type="STATUS-MESSAGE">
  <text>Java: added 38 String or Class constant symbols</text>
</message>

<message type="STATUS-MESSAGE">
  <text>Generating GOTO Program</text>
</message>

<message type="STATUS-MESSAGE">
  <text>Running GOTO functions transformation passes</text>
</message>

<message type="STATUS-MESSAGE">
  <text>Running with 16 object bits, 48 offset bits (default)</text>
</message>

<message type="STATUS-MESSAGE">
  <text>Starting Bounded Model Checking</text>
</message>

<message type="STATUS-MESSAGE">
  <text>Unwinding loop java::BlockQuickSort.insertionSortVerf:([III)V.0 iteration 1 file BlockQuickSort.java line 1304 function java::BlockQuickSort.insertionSortVerf:([III)V bytecode-index 55 thread 0</text>
</message>

<message type="STATUS-MESSAGE">
  <text>Unwinding loop java::BlockQuickSort.insertionSortVerf:([III)V.0 iteration 2 file BlockQuickSort.java line 1304 function java::BlockQuickSort.insertionSortVerf:([III)V bytecode-index 55 thread 0</text>
</message>

<message type="STATUS-MESSAGE">
  <text>Not unwinding loop java::BlockQuickSort.insertionSortVerf:([III)V.0 iteration 3 file BlockQuickSort.java line 1304 function java::BlockQuickSort.insertionSortVerf:([III)V bytecode-index 55 thread 0</text>
</message>

<message type="STATUS-MESSAGE">
  <text>Unwinding loop java::BlockQuickSort.insertionSortVerf:([III)V.1 iteration 1 file BlockQuickSort.java line 1303 function java::BlockQuickSort.insertionSortVerf:([III)V bytecode-index 57 thread 0</text>
</message>

<message type="STATUS-MESSAGE">
  <text>Unwinding loop java::BlockQuickSort.insertionSortVerf:([III)V.0 iteration 1 file BlockQuickSort.java line 1304 function java::BlockQuickSort.insertionSortVerf:([III)V bytecode-index 55 thread 0</text>
</message>

<message type="STATUS-MESSAGE">
  <text>Unwinding loop java::BlockQuickSort.insertionSortVerf:([III)V.0 iteration 2 file BlockQuickSort.java line 1304 function java::BlockQuickSort.insertionSortVerf:([III)V bytecode-index 55 thread 0</text>
</message>

<message type="STATUS-MESSAGE">
  <text>Not unwinding loop java::BlockQuickSort.insertionSortVerf:([III)V.0 iteration 3 file BlockQuickSort.java line 1304 function java::BlockQuickSort.insertionSortVerf:([III)V bytecode-index 55 thread 0</text>
</message>

<message type="STATUS-MESSAGE">
  <text>Unwinding loop java::BlockQuickSort.insertionSortVerf:([III)V.1 iteration 2 file BlockQuickSort.java line 1303 function java::BlockQuickSort.insertionSortVerf:([III)V bytecode-index 57 thread 0</text>
</message>

<message type="STATUS-MESSAGE">
  <text>Unwinding loop java::BlockQuickSort.insertionSortVerf:([III)V.0 iteration 1 file BlockQuickSort.java line 1304 function java::BlockQuickSort.insertionSortVerf:([III)V bytecode-index 55 thread 0</text>
</message>

<message type="STATUS-MESSAGE">
  <text>Unwinding loop java::BlockQuickSort.insertionSortVerf:([III)V.0 iteration 2 file BlockQuickSort.java line 1304 function java::BlockQuickSort.insertionSortVerf:([III)V bytecode-index 55 thread 0</text>
</message>

<message type="STATUS-MESSAGE">
  <text>Not unwinding loop java::BlockQuickSort.insertionSortVerf:([III)V.0 iteration 3 file BlockQuickSort.java line 1304 function java::BlockQuickSort.insertionSortVerf:([III)V bytecode-index 55 thread 0</text>
</message>

<message type="STATUS-MESSAGE">
  <text>Not unwinding loop java::BlockQuickSort.insertionSortVerf:([III)V.1 iteration 3 file BlockQuickSort.java line 1303 function java::BlockQuickSort.insertionSortVerf:([III)V bytecode-index 57 thread 0</text>
</message>

<message type="STATUS-MESSAGE">
  <text>Unwinding recursion java::BlockQuickSort.&lt;clinit_wrapper&gt; iteration 1</text>
</message>

<message type="STATUS-MESSAGE">
  <text>Unwinding loop java::BlockQuickSort.insertionSortVerf:([III)V.2 iteration 1 file BlockQuickSort.java line 1320 function java::BlockQuickSort.insertionSortVerf:([III)V bytecode-index 84 thread 0</text>
</message>

<message type="STATUS-MESSAGE">
  <text>Unwinding loop java::BlockQuickSort.insertionSortVerf:([III)V.2 iteration 2 file BlockQuickSort.java line 1320 function java::BlockQuickSort.insertionSortVerf:([III)V bytecode-index 84 thread 0</text>
</message>

<message type="STATUS-MESSAGE">
  <text>Not unwinding loop java::BlockQuickSort.insertionSortVerf:([III)V.2 iteration 3 file BlockQuickSort.java line 1320 function java::BlockQuickSort.insertionSortVerf:([III)V bytecode-index 84 thread 0</text>
</message>

<message type="STATUS-MESSAGE">
  <text>Unwinding loop java::BlockQuickSort.insertionSortVerf:([III)V.3 iteration 1 file BlockQuickSort.java line 1325 function java::BlockQuickSort.insertionSortVerf:([III)V bytecode-index 86 thread 0</text>
</message>

<message type="STATUS-MESSAGE">
  <text>Unwinding recursion java::BlockQuickSort.&lt;clinit_wrapper&gt; iteration 1</text>
</message>

<message type="STATUS-MESSAGE">
  <text>Unwinding loop java::BlockQuickSort.insertionSortVerf:([III)V.2 iteration 1 file BlockQuickSort.java line 1320 function java::BlockQuickSort.insertionSortVerf:([III)V bytecode-index 84 thread 0</text>
</message>

<message type="STATUS-MESSAGE">
  <text>Unwinding loop java::BlockQuickSort.insertionSortVerf:([III)V.2 iteration 2 file BlockQuickSort.java line 1320 function java::BlockQuickSort.insertionSortVerf:([III)V bytecode-index 84 thread 0</text>
</message>

<message type="STATUS-MESSAGE">
  <text>Not unwinding loop java::BlockQuickSort.insertionSortVerf:([III)V.2 iteration 3 file BlockQuickSort.java line 1320 function java::BlockQuickSort.insertionSortVerf:([III)V bytecode-index 84 thread 0</text>
</message>

<message type="STATUS-MESSAGE">
  <text>Unwinding loop java::BlockQuickSort.insertionSortVerf:([III)V.3 iteration 2 file BlockQuickSort.java line 1325 function java::BlockQuickSort.insertionSortVerf:([III)V bytecode-index 86 thread 0</text>
</message>

<message type="STATUS-MESSAGE">
  <text>Unwinding recursion java::BlockQuickSort.&lt;clinit_wrapper&gt; iteration 1</text>
</message>

<message type="STATUS-MESSAGE">
  <text>Unwinding loop java::BlockQuickSort.insertionSortVerf:([III)V.2 iteration 1 file BlockQuickSort.java line 1320 function java::BlockQuickSort.insertionSortVerf:([III)V bytecode-index 84 thread 0</text>
</message>

<message type="STATUS-MESSAGE">
  <text>Unwinding loop java::BlockQuickSort.insertionSortVerf:([III)V.2 iteration 2 file BlockQuickSort.java line 1320 function java::BlockQuickSort.insertionSortVerf:([III)V bytecode-index 84 thread 0</text>
</message>

<message type="STATUS-MESSAGE">
  <text>Not unwinding loop java::BlockQuickSort.insertionSortVerf:([III)V.2 iteration 3 file BlockQuickSort.java line 1320 function java::BlockQuickSort.insertionSortVerf:([III)V bytecode-index 84 thread 0</text>
</message>

<message type="STATUS-MESSAGE">
  <text>Not unwinding loop java::BlockQuickSort.insertionSortVerf:([III)V.3 iteration 3 file BlockQuickSort.java line 1325 function java::BlockQuickSort.insertionSortVerf:([III)V bytecode-index 86 thread 0</text>
</message>

<message type="STATUS-MESSAGE">
  <text>Unwinding recursion java::BlockQuickSort.&lt;clinit_wrapper&gt; iteration 1</text>
</message>

<message type="STATUS-MESSAGE">
  <text>aborting path on assume(false) at file BlockQuickSort.java line 1331 function java::BlockQuickSort.insertionSortVerf:([III)V bytecode-index 98 thread 0</text>
</message>

<message type="STATUS-MESSAGE">
  <text>Unwinding recursion java::org.cprover.CProver.&lt;clinit_wrapper&gt; iteration 1</text>
</message>

<message type="STATUS-MESSAGE">
  <text>Unwinding recursion java::org.cprover.CProver.&lt;clinit_wrapper&gt; iteration 1</text>
</message>

<message type="STATUS-MESSAGE">
  <text>aborting path on assume(false) at file BlockQuickSort.java line 1336 function java::BlockQuickSort.insertionSortVerf:([III)V bytecode-index 123 thread 0</text>
</message>

<message type="STATUS-MESSAGE">
  <text>Unwinding loop java::BlockQuickSort.insertionSortVerf:([III)V.4 iteration 1 file BlockQuickSort.java line 1344 function java::BlockQuickSort.insertionSortVerf:([III)V bytecode-index 160 thread 0</text>
</message>

<message type="STATUS-MESSAGE">
  <text>Unwinding loop java::BlockQuickSort.insertionSortVerf:([III)V.4 iteration 2 file BlockQuickSort.java line 1344 function java::BlockQuickSort.insertionSortVerf:([III)V bytecode-index 160 thread 0</text>
</message>

<message type="STATUS-MESSAGE">
  <text>Not unwinding loop java::BlockQuickSort.insertionSortVerf:([III)V.4 iteration 3 file BlockQuickSort.java line 1344 function java::BlockQuickSort.insertionSortVerf:([III)V bytecode-index 160 thread 0</text>
</message>

<message type="STATUS-MESSAGE">
  <text>Unwinding loop java::BlockQuickSort.insertionSortVerf:([III)V.5 iteration 1 file BlockQuickSort.java line 1348 function java::BlockQuickSort.insertionSortVerf:([III)V bytecode-index 187 thread 0</text>
</message>

<message type="STATUS-MESSAGE">
  <text>Unwinding loop java::BlockQuickSort.insertionSortVerf:([III)V.5 iteration 2 file BlockQuickSort.java line 1348 function java::BlockQuickSort.insertionSortVerf:([III)V bytecode-index 187 thread 0</text>
</message>

<message type="STATUS-MESSAGE">
  <text>Not unwinding loop java::BlockQuickSort.insertionSortVerf:([III)V.5 iteration 3 file BlockQuickSort.java line 1348 function java::BlockQuickSort.insertionSortVerf:([III)V bytecode-index 187 thread 0</text>
</message>

<message type="STATUS-MESSAGE">
  <text>aborting path on assume(false) at file BlockQuickSort.java line 1354 function java::BlockQuickSort.insertionSortVerf:([III)V bytecode-index 202 thread 0</text>
</message>

<message type="STATUS-MESSAGE">
  <text>Runtime Symex: 0.253689s</text>
</message>

<message type="STATUS-MESSAGE">
  <text>size of program expression: 1376 steps</text>
</message>

<message type="STATUS-MESSAGE">
  <text>simple slicing removed 5 assignments</text>
</message>

<message type="STATUS-MESSAGE">
  <text>Generated 286 VCC(s), 229 remaining after simplification</text>
</message>

<message type="STATUS-MESSAGE">
  <text>Runtime Postprocess Equation: 0.0126104s</text>
</message>

<message type="STATUS-MESSAGE">
  <text>Passing problem to string refinement loop with MiniSAT 2.2.1 without simplifier</text>
</message>

<message type="STATUS-MESSAGE">
  <text>converting SSA</text>
</message>

<message type="STATUS-MESSAGE">
  <text>Runtime Convert SSA: 0.0703344s</text>
</message>

<message type="STATUS-MESSAGE">
  <text>Running string refinement loop with MiniSAT 2.2.1 without simplifier</text>
</message>

<message type="STATUS-MESSAGE">
  <text>BV-Refinement: post-processing</text>
</message>

<message type="STATUS-MESSAGE">
  <text>BV-Refinement: iteration 1</text>
</message>

<refinement-iteration>1</refinement-iteration>

<message type="STATUS-MESSAGE">
  <text>28521 variables, 89224 clauses</text>
</message>

<message type="STATUS-MESSAGE">
  <text>SAT checker: instance is UNSATISFIABLE</text>
</message>

<message type="STATUS-MESSAGE">
  <text>
BV-Refinement: got UNSAT, and the proof passes =&gt; UNSAT</text>
</message>

<message type="STATUS-MESSAGE">
  <text>Total iterations: 1</text>
</message>

<message type="STATUS-MESSAGE">
  <text>Runtime Solver: 0.0749373s</text>
</message>

<message type="STATUS-MESSAGE">
  <text>Runtime decision procedure: 0.148282s</text>
</message>

<result property="java::BlockQuickSort.swap:([III)V.null-pointer-exception.1" status="SUCCESS">
  <location file="BlockQuickSort.java" function="java::BlockQuickSort.swap:([III)V" line="1436"/>
</result>

<result property="java::BlockQuickSort.swap:([III)V.array-index-out-of-bounds-low.1" status="SUCCESS">
  <location file="BlockQuickSort.java" function="java::BlockQuickSort.swap:([III)V" line="1436"/>
</result>

<result property="java::BlockQuickSort.swap:([III)V.array-index-out-of-bounds-high.1" status="SUCCESS">
  <location file="BlockQuickSort.java" function="java::BlockQuickSort.swap:([III)V" line="1436"/>
</result>

<result property="java::BlockQuickSort.swap:([III)V.null-pointer-exception.2" status="SUCCESS">
  <location file="BlockQuickSort.java" function="java::BlockQuickSort.swap:([III)V" line="1437"/>
</result>

<result property="java::BlockQuickSort.swap:([III)V.array-index-out-of-bounds-low.2" status="SUCCESS">
  <location file="BlockQuickSort.java" function="java::BlockQuickSort.swap:([III)V" line="1437"/>
</result>

<result property="java::BlockQuickSort.swap:([III)V.array-index-out-of-bounds-high.2" status="SUCCESS">
  <location file="BlockQuickSort.java" function="java::BlockQuickSort.swap:([III)V" line="1437"/>
</result>

<result property="java::BlockQuickSort.swap:([III)V.null-pointer-exception.3" status="SUCCESS">
  <location file="BlockQuickSort.java" function="java::BlockQuickSort.swap:([III)V" line="1437"/>
</result>

<result property="java::BlockQuickSort.swap:([III)V.array-index-out-of-bounds-low.3" status="SUCCESS">
  <location file="BlockQuickSort.java" function="java::BlockQuickSort.swap:([III)V" line="1437"/>
</result>

<result property="java::BlockQuickSort.swap:([III)V.array-index-out-of-bounds-high.3" status="SUCCESS">
  <location file="BlockQuickSort.java" function="java::BlockQuickSort.swap:([III)V" line="1437"/>
</result>

<result property="java::BlockQuickSort.swap:([III)V.null-pointer-exception.4" status="SUCCESS">
  <location file="BlockQuickSort.java" function="java::BlockQuickSort.swap:([III)V" line="1438"/>
</result>

<result property="java::BlockQuickSort.swap:([III)V.array-index-out-of-bounds-low.4" status="SUCCESS">
  <location file="BlockQuickSort.java" function="java::BlockQuickSort.swap:([III)V" line="1438"/>
</result>

<result property="java::BlockQuickSort.swap:([III)V.array-index-out-of-bounds-high.4" status="SUCCESS">
  <location file="BlockQuickSort.java" function="java::BlockQuickSort.swap:([III)V" line="1438"/>
</result>

<result property="java::BlockQuickSort.insertionSortVerf:([III)V.null-pointer-exception.1" status="SUCCESS">
  <location file="BlockQuickSort.java" function="java::BlockQuickSort.insertionSortVerf:([III)V" line="1294"/>
</result>

<result property="java::BlockQuickSort.insertionSortVerf:([III)V.null-pointer-exception.2" status="SUCCESS">
  <location file="BlockQuickSort.java" function="java::BlockQuickSort.insertionSortVerf:([III)V" line="1298"/>
</result>

<result property="java::BlockQuickSort.insertionSortVerf:([III)V.null-pointer-exception.3" status="SUCCESS">
  <location file="BlockQuickSort.java" function="java::BlockQuickSort.insertionSortVerf:([III)V" line="1301"/>
</result>

<result property="java::BlockQuickSort.insertionSortVerf:([III)V.array-create-negative-size.1" status="SUCCESS">
  <location file="BlockQuickSort.java" function="java::BlockQuickSort.insertionSortVerf:([III)V" line="1302"/>
</result>

<result property="java::BlockQuickSort.insertionSortVerf:([III)V.null-pointer-exception.4" status="SUCCESS">
  <location file="BlockQuickSort.java" function="java::BlockQuickSort.insertionSortVerf:([III)V" line="1306"/>
</result>

<result property="java::BlockQuickSort.insertionSortVerf:([III)V.integer-divide-by-zero.1" status="SUCCESS">
  <location file="BlockQuickSort.java" function="java::BlockQuickSort.insertionSortVerf:([III)V" line="1306"/>
</result>

<result property="java::BlockQuickSort.insertionSortVerf:([III)V.array-index-out-of-bounds-low.1" status="SUCCESS">
  <location file="BlockQuickSort.java" function="java::BlockQuickSort.insertionSortVerf:([III)V" line="1306"/>
</result>

<result property="java::BlockQuickSort.insertionSortVerf:([III)V.array-index-out-of-bounds-high.1" status="SUCCESS">
  <location file="BlockQuickSort.java" function="java::BlockQuickSort.insertionSortVerf:([III)V" line="1306"/>
</result>

<result property="java::BlockQuickSort.insertionSortVerf:([III)V.null-pointer-exception.5" status="SUCCESS">
  <location file="BlockQuickSort.java" function="java::BlockQuickSort.insertionSortVerf:([III)V" line="1306"/>
</result>

<result property="java::BlockQuickSort.insertionSortVerf:([III)V.array-index-out-of-bounds-low.2" status="SUCCESS">
  <location file="BlockQuickSort.java" function="java::BlockQuickSort.insertionSortVerf:([III)V" line="1306"/>
</result>

<result property="java::BlockQuickSort.insertionSortVerf:([III)V.array-index-out-of-bounds-high.2" status="SUCCESS">
  <location file="BlockQuickSort.java" function="java::BlockQuickSort.insertionSortVerf:([III)V" line="1306"/>
</result>

<result property="java::BlockQuickSort.insertionSortVerf:([III)V.null-pointer-exception.6" status="SUCCESS">
  <location file="BlockQuickSort.java" function="java::BlockQuickSort.insertionSortVerf:([III)V" line="1318"/>
</result>

<result property="java::BlockQuickSort.insertionSortVerf:([III)V.array-index-out-of-bounds-low.3" status="SUCCESS">
  <location file="BlockQuickSort.java" function="java::BlockQuickSort.insertionSortVerf:([III)V" line="1318"/>
</result>

<result property="java::BlockQuickSort.insertionSortVerf:([III)V.array-index-out-of-bounds-high.3" status="SUCCESS">
  <location file="BlockQuickSort.java" function="java::BlockQuickSort.insertionSortVerf:([III)V" line="1318"/>
</result>

<result property="java::BlockQuickSort.insertionSortVerf:([III)V.null-pointer-exception.7" status="SUCCESS">
  <location file="BlockQuickSort.java" function="java::BlockQuickSort.insertionSortVerf:([III)V" line="1318"/>
</result>

<result property="java::BlockQuickSort.insertionSortVerf:([III)V.array-index-out-of-bounds-low.4" status="SUCCESS">
  <location file="BlockQuickSort.java" function="java::BlockQuickSort.insertionSortVerf:([III)V" line="1318"/>
</result>

<result property="java::BlockQuickSort.insertionSortVerf:([III)V.array-index-out-of-bounds-high.4" status="SUCCESS">
  <location file="BlockQuickSort.java" function="java::BlockQuickSort.insertionSortVerf:([III)V" line="1318"/>
</result>

<result property="java::BlockQuickSort.insertionSortVerf:([III)V.null-pointer-exception.8" status="SUCCESS">
  <location file="BlockQuickSort.java" function="java::BlockQuickSort.insertionSortVerf:([III)V" line="1331"/>
</result>

<result property="java::BlockQuickSort.insertionSortVerf:([III)V.null-pointer-exception.9" status="SUCCESS">
  <location file="BlockQuickSort.java" function="java::BlockQuickSort.insertionSortVerf:([III)V" line="1331"/>
</result>

<result property="java::BlockQuickSort.insertionSortVerf:([III)V.assertion.1" status="SUCCESS">
  <location file="BlockQuickSort.java" function="java::BlockQuickSort.insertionSortVerf:([III)V" line="1331"/>
</result>

<result property="java::BlockQuickSort.insertionSortVerf:([III)V.null-pointer-exception.10" status="SUCCESS">
  <location file="BlockQuickSort.java" function="java::BlockQuickSort.insertionSortVerf:([III)V" line="1336"/>
</result>

<result property="java::BlockQuickSort.insertionSortVerf:([III)V.array-index-out-of-bounds-low.5" status="SUCCESS">
  <location file="BlockQuickSort.java" function="java::BlockQuickSort.insertionSortVerf:([III)V" line="1336"/>
</result>

<result property="java::BlockQuickSort.insertionSortVerf:([III)V.array-index-out-of-bounds-high.5" status="SUCCESS">
  <location file="BlockQuickSort.java" function="java::BlockQuickSort.insertionSortVerf:([III)V" line="1336"/>
</result>

<result property="java::BlockQuickSort.insertionSortVerf:([III)V.null-pointer-exception.11" status="SUCCESS">
  <location file="BlockQuickSort.java" function="java::BlockQuickSort.insertionSortVerf:([III)V" line="1336"/>
</result>

<result property="java::BlockQuickSort.insertionSortVerf:([III)V.array-index-out-of-bounds-low.6" status="SUCCESS">
  <location file="BlockQuickSort.java" function="java::BlockQuickSort.insertionSortVerf:([III)V" line="1336"/>
</result>

<result property="java::BlockQuickSort.insertionSortVerf:([III)V.array-index-out-of-bounds-high.6" status="SUCCESS">
  <location file="BlockQuickSort.java" function="java::BlockQuickSort.insertionSortVerf:([III)V" line="1336"/>
</result>

<result property="java::BlockQuickSort.insertionSortVerf:([III)V.null-pointer-exception.12" status="SUCCESS">
  <location file="BlockQuickSort.java" function="java::BlockQuickSort.insertionSortVerf:([III)V" line="1336"/>
</result>

<result property="java::BlockQuickSort.insertionSortVerf:([III)V.assertion.2" status="SUCCESS">
  <location file="BlockQuickSort.java" function="java::BlockQuickSort.insertionSortVerf:([III)V" line="1336"/>
</result>

<result property="java::BlockQuickSort.insertionSortVerf:([III)V.null-pointer-exception.13" status="SUCCESS">
  <location file="BlockQuickSort.java" function="java::BlockQuickSort.insertionSortVerf:([III)V" line="1345"/>
</result>

<result property="java::BlockQuickSort.insertionSortVerf:([III)V.array-index-out-of-bounds-low.7" status="SUCCESS">
  <location file="BlockQuickSort.java" function="java::BlockQuickSort.insertionSortVerf:([III)V" line="1345"/>
</result>

<result property="java::BlockQuickSort.insertionSortVerf:([III)V.array-index-out-of-bounds-high.7" status="SUCCESS">
  <location file="BlockQuickSort.java" function="java::BlockQuickSort.insertionSortVerf:([III)V" line="1345"/>
</result>

<result property="java::BlockQuickSort.insertionSortVerf:([III)V.null-pointer-exception.14" status="SUCCESS">
  <location file="BlockQuickSort.java" function="java::BlockQuickSort.insertionSortVerf:([III)V" line="1345"/>
</result>

<result property="java::BlockQuickSort.insertionSortVerf:([III)V.array-index-out-of-bounds-low.8" status="SUCCESS">
  <location file="BlockQuickSort.java" function="java::BlockQuickSort.insertionSortVerf:([III)V" line="1345"/>
</result>

<result property="java::BlockQuickSort.insertionSortVerf:([III)V.array-index-out-of-bounds-high.8" status="SUCCESS">
  <location file="BlockQuickSort.java" function="java::BlockQuickSort.insertionSortVerf:([III)V" line="1345"/>
</result>

<result property="java::BlockQuickSort.insertionSortVerf:([III)V.null-pointer-exception.15" status="SUCCESS">
  <location file="BlockQuickSort.java" function="java::BlockQuickSort.insertionSortVerf:([III)V" line="1349"/>
</result>

<result property="java::BlockQuickSort.insertionSortVerf:([III)V.array-index-out-of-bounds-low.9" status="SUCCESS">
  <location file="BlockQuickSort.java" function="java::BlockQuickSort.insertionSortVerf:([III)V" line="1349"/>
</result>

<result property="java::BlockQuickSort.insertionSortVerf:([III)V.array-index-out-of-bounds-high.9" status="SUCCESS">
  <location file="BlockQuickSort.java" function="java::BlockQuickSort.insertionSortVerf:([III)V" line="1349"/>
</result>

<result property="java::BlockQuickSort.insertionSortVerf:([III)V.null-pointer-exception.16" status="SUCCESS">
  <location file="BlockQuickSort.java" function="java::BlockQuickSort.insertionSortVerf:([III)V" line="1349"/>
</result>

<result property="java::BlockQuickSort.insertionSortVerf:([III)V.integer-divide-by-zero.2" status="SUCCESS">
  <location file="BlockQuickSort.java" function="java::BlockQuickSort.insertionSortVerf:([III)V" line="1349"/>
</result>

<result property="java::BlockQuickSort.insertionSortVerf:([III)V.array-index-out-of-bounds-low.10" status="SUCCESS">
  <location file="BlockQuickSort.java" function="java::BlockQuickSort.insertionSortVerf:([III)V" line="1349"/>
</result>

<result property="java::BlockQuickSort.insertionSortVerf:([III)V.array-index-out-of-bounds-high.10" status="SUCCESS">
  <location file="BlockQuickSort.java" function="java::BlockQuickSort.insertionSortVerf:([III)V" line="1349"/>
</result>

<result property="java::BlockQuickSort.insertionSortVerf:([III)V.null-pointer-exception.17" status="SUCCESS">
  <location file="BlockQuickSort.java" function="java::BlockQuickSort.insertionSortVerf:([III)V" line="1354"/>
</result>

<result property="java::BlockQuickSort.insertionSortVerf:([III)V.assertion.3" status="SUCCESS">
  <location file="BlockQuickSort.java" function="java::BlockQuickSort.insertionSortVerf:([III)V" line="1354"/>
</result>

<result property="java::BlockQuickSort.&lt;clinit&gt;:()V.null-pointer-exception.1" status="SUCCESS">
  <location file="BlockQuickSort.java" function="java::BlockQuickSort.&lt;clinit&gt;:()V" line="4"/>
</result>

<result property="array-create-negative-size.1" status="SUCCESS">
  <location/>
</result>

<result property="array-create-negative-size.2" status="SUCCESS">
  <location/>
</result>

<result property="array-create-negative-size.3" status="SUCCESS">
  <location/>
</result>

<result property="array-create-negative-size.4" status="SUCCESS">
  <location/>
</result>

<result property="array-create-negative-size.5" status="SUCCESS">
  <location/>
</result>

<result property="array-create-negative-size.6" status="SUCCESS">
  <location/>
</result>

<result property="array-create-negative-size.7" status="SUCCESS">
  <location/>
</result>

<result property="array-create-negative-size.8" status="SUCCESS">
  <location/>
</result>

<result property="array-create-negative-size.9" status="SUCCESS">
  <location/>
</result>

<result property="java::BlockQuickSort.insertionSortVerf:([III)V.1" status="SUCCESS">
  <location file="BlockQuickSort.java" function="java::BlockQuickSort.insertionSortVerf:([III)V" line="1294"/>
</result>

<message type="STATUS-MESSAGE">
  <text>VERIFICATION SUCCESSFUL</text>
</message>

<cprover-status>SUCCESS</cprover-status>

</cprover>
