<?xml version="1.0" encoding="UTF-8"?>
<cprover>
<program>JBMC 5.81.0 (cbmc-5.81.0)</program>
<message type="WARNING">
  <text>**** WARNING: Use --unwinding-assertions to obtain sound verification results</text>
</message>

<message type="STATUS-MESSAGE">
  <text>JBMC version 5.81.0 (cbmc-5.81.0) 64-bit x86_64 linux</text>
</message>

<message type="STATUS-MESSAGE">
  <text>Parsing ...</text>
</message>

<message type="STATUS-MESSAGE">
  <text>Trying to load Java main class: BlockQuickSort</text>
</message>

<message type="STATUS-MESSAGE">
  <text>Found Java main class: BlockQuickSort</text>
</message>

<message type="STATUS-MESSAGE">
  <text>Converting</text>
</message>

<message type="WARNING">
  <text>stub class symbol java::java.lang.Object already exists</text>
</message>

<message type="STATUS-MESSAGE">
  <text>Java: added 38 String or Class constant symbols</text>
</message>

<message type="STATUS-MESSAGE">
  <text>Generating GOTO Program</text>
</message>

<message type="STATUS-MESSAGE">
  <text>Running GOTO functions transformation passes</text>
</message>

<message type="STATUS-MESSAGE">
  <text>Running with 16 object bits, 48 offset bits (default)</text>
</message>

<message type="STATUS-MESSAGE">
  <text>Starting Bounded Model Checking</text>
</message>

<message type="STATUS-MESSAGE">
  <text>Unwinding recursion java::BlockQuickSort.&lt;clinit_wrapper&gt; iteration 1</text>
</message>

<message type="STATUS-MESSAGE">
  <text>aborting path on assume(false) at file BlockQuickSort.java line 1411 function java::BlockQuickSort.swapVerf:([III)V bytecode-index 68 thread 0</text>
</message>

<message type="STATUS-MESSAGE">
  <text>aborting path on assume(false) at file BlockQuickSort.java line 1416 function java::BlockQuickSort.swapVerf:([III)V bytecode-index 79 thread 0</text>
</message>

<message type="STATUS-MESSAGE">
  <text>aborting path on assume(false) at file BlockQuickSort.java line 1417 function java::BlockQuickSort.swapVerf:([III)V bytecode-index 90 thread 0</text>
</message>

<message type="STATUS-MESSAGE">
  <text>Runtime Symex: 0.0238715s</text>
</message>

<message type="STATUS-MESSAGE">
  <text>size of program expression: 278 steps</text>
</message>

<message type="STATUS-MESSAGE">
  <text>simple slicing removed 5 assignments</text>
</message>

<message type="STATUS-MESSAGE">
  <text>Generated 37 VCC(s), 32 remaining after simplification</text>
</message>

<message type="STATUS-MESSAGE">
  <text>Runtime Postprocess Equation: 0.0110888s</text>
</message>

<message type="STATUS-MESSAGE">
  <text>Passing problem to string refinement loop with MiniSAT 2.2.1 without simplifier</text>
</message>

<message type="STATUS-MESSAGE">
  <text>converting SSA</text>
</message>

<message type="STATUS-MESSAGE">
  <text>Runtime Convert SSA: 0.00339766s</text>
</message>

<message type="STATUS-MESSAGE">
  <text>Running string refinement loop with MiniSAT 2.2.1 without simplifier</text>
</message>

<message type="STATUS-MESSAGE">
  <text>BV-Refinement: post-processing</text>
</message>

<message type="STATUS-MESSAGE">
  <text>BV-Refinement: iteration 1</text>
</message>

<refinement-iteration>1</refinement-iteration>

<message type="STATUS-MESSAGE">
  <text>3500 variables, 5388 clauses</text>
</message>

<message type="STATUS-MESSAGE">
  <text>SAT checker: instance is UNSATISFIABLE</text>
</message>

<message type="STATUS-MESSAGE">
  <text>
BV-Refinement: got UNSAT, and the proof passes =&gt; UNSAT</text>
</message>

<message type="STATUS-MESSAGE">
  <text>Total iterations: 1</text>
</message>

<message type="STATUS-MESSAGE">
  <text>Runtime Solver: 0.0139753s</text>
</message>

<message type="STATUS-MESSAGE">
  <text>Runtime decision procedure: 0.0183707s</text>
</message>

<result property="java::BlockQuickSort.swapVerf:([III)V.null-pointer-exception.1" status="SUCCESS">
  <location file="BlockQuickSort.java" function="java::BlockQuickSort.swapVerf:([III)V" line="1386"/>
</result>

<result property="java::BlockQuickSort.swapVerf:([III)V.null-pointer-exception.2" status="SUCCESS">
  <location file="BlockQuickSort.java" function="java::BlockQuickSort.swapVerf:([III)V" line="1390"/>
</result>

<result property="java::BlockQuickSort.swapVerf:([III)V.null-pointer-exception.3" status="SUCCESS">
  <location file="BlockQuickSort.java" function="java::BlockQuickSort.swapVerf:([III)V" line="1394"/>
</result>

<result property="java::BlockQuickSort.swapVerf:([III)V.null-pointer-exception.4" status="SUCCESS">
  <location file="BlockQuickSort.java" function="java::BlockQuickSort.swapVerf:([III)V" line="1397"/>
</result>

<result property="java::BlockQuickSort.swapVerf:([III)V.null-pointer-exception.5" status="SUCCESS">
  <location file="BlockQuickSort.java" function="java::BlockQuickSort.swapVerf:([III)V" line="1398"/>
</result>

<result property="java::BlockQuickSort.swapVerf:([III)V.array-index-out-of-bounds-low.1" status="SUCCESS">
  <location file="BlockQuickSort.java" function="java::BlockQuickSort.swapVerf:([III)V" line="1398"/>
</result>

<result property="java::BlockQuickSort.swapVerf:([III)V.array-index-out-of-bounds-high.1" status="SUCCESS">
  <location file="BlockQuickSort.java" function="java::BlockQuickSort.swapVerf:([III)V" line="1398"/>
</result>

<result property="java::BlockQuickSort.swapVerf:([III)V.null-pointer-exception.6" status="SUCCESS">
  <location file="BlockQuickSort.java" function="java::BlockQuickSort.swapVerf:([III)V" line="1399"/>
</result>

<result property="java::BlockQuickSort.swapVerf:([III)V.array-index-out-of-bounds-low.2" status="SUCCESS">
  <location file="BlockQuickSort.java" function="java::BlockQuickSort.swapVerf:([III)V" line="1399"/>
</result>

<result property="java::BlockQuickSort.swapVerf:([III)V.array-index-out-of-bounds-high.2" status="SUCCESS">
  <location file="BlockQuickSort.java" function="java::BlockQuickSort.swapVerf:([III)V" line="1399"/>
</result>

<result property="java::BlockQuickSort.swapVerf:([III)V.null-pointer-exception.7" status="SUCCESS">
  <location file="BlockQuickSort.java" function="java::BlockQuickSort.swapVerf:([III)V" line="1401"/>
</result>

<result property="java::BlockQuickSort.swapVerf:([III)V.array-index-out-of-bounds-low.3" status="SUCCESS">
  <location file="BlockQuickSort.java" function="java::BlockQuickSort.swapVerf:([III)V" line="1401"/>
</result>

<result property="java::BlockQuickSort.swapVerf:([III)V.array-index-out-of-bounds-high.3" status="SUCCESS">
  <location file="BlockQuickSort.java" function="java::BlockQuickSort.swapVerf:([III)V" line="1401"/>
</result>

<result property="java::BlockQuickSort.swapVerf:([III)V.null-pointer-exception.8" status="SUCCESS">
  <location file="BlockQuickSort.java" function="java::BlockQuickSort.swapVerf:([III)V" line="1403"/>
</result>

<result property="java::BlockQuickSort.swapVerf:([III)V.array-index-out-of-bounds-low.4" status="SUCCESS">
  <location file="BlockQuickSort.java" function="java::BlockQuickSort.swapVerf:([III)V" line="1403"/>
</result>

<result property="java::BlockQuickSort.swapVerf:([III)V.array-index-out-of-bounds-high.4" status="SUCCESS">
  <location file="BlockQuickSort.java" function="java::BlockQuickSort.swapVerf:([III)V" line="1403"/>
</result>

<result property="java::BlockQuickSort.swapVerf:([III)V.null-pointer-exception.9" status="SUCCESS">
  <location file="BlockQuickSort.java" function="java::BlockQuickSort.swapVerf:([III)V" line="1403"/>
</result>

<result property="java::BlockQuickSort.swapVerf:([III)V.array-index-out-of-bounds-low.5" status="SUCCESS">
  <location file="BlockQuickSort.java" function="java::BlockQuickSort.swapVerf:([III)V" line="1403"/>
</result>

<result property="java::BlockQuickSort.swapVerf:([III)V.array-index-out-of-bounds-high.5" status="SUCCESS">
  <location file="BlockQuickSort.java" function="java::BlockQuickSort.swapVerf:([III)V" line="1403"/>
</result>

<result property="java::BlockQuickSort.swapVerf:([III)V.null-pointer-exception.10" status="SUCCESS">
  <location file="BlockQuickSort.java" function="java::BlockQuickSort.swapVerf:([III)V" line="1405"/>
</result>

<result property="java::BlockQuickSort.swapVerf:([III)V.array-index-out-of-bounds-low.6" status="SUCCESS">
  <location file="BlockQuickSort.java" function="java::BlockQuickSort.swapVerf:([III)V" line="1405"/>
</result>

<result property="java::BlockQuickSort.swapVerf:([III)V.array-index-out-of-bounds-high.6" status="SUCCESS">
  <location file="BlockQuickSort.java" function="java::BlockQuickSort.swapVerf:([III)V" line="1405"/>
</result>

<result property="java::BlockQuickSort.swapVerf:([III)V.null-pointer-exception.11" status="SUCCESS">
  <location file="BlockQuickSort.java" function="java::BlockQuickSort.swapVerf:([III)V" line="1411"/>
</result>

<result property="java::BlockQuickSort.swapVerf:([III)V.null-pointer-exception.12" status="SUCCESS">
  <location file="BlockQuickSort.java" function="java::BlockQuickSort.swapVerf:([III)V" line="1411"/>
</result>

<result property="java::BlockQuickSort.swapVerf:([III)V.assertion.1" status="SUCCESS">
  <location file="BlockQuickSort.java" function="java::BlockQuickSort.swapVerf:([III)V" line="1411"/>
</result>

<result property="java::BlockQuickSort.swapVerf:([III)V.null-pointer-exception.13" status="SUCCESS">
  <location file="BlockQuickSort.java" function="java::BlockQuickSort.swapVerf:([III)V" line="1416"/>
</result>

<result property="java::BlockQuickSort.swapVerf:([III)V.array-index-out-of-bounds-low.7" status="SUCCESS">
  <location file="BlockQuickSort.java" function="java::BlockQuickSort.swapVerf:([III)V" line="1416"/>
</result>

<result property="java::BlockQuickSort.swapVerf:([III)V.array-index-out-of-bounds-high.7" status="SUCCESS">
  <location file="BlockQuickSort.java" function="java::BlockQuickSort.swapVerf:([III)V" line="1416"/>
</result>

<result property="java::BlockQuickSort.swapVerf:([III)V.null-pointer-exception.14" status="SUCCESS">
  <location file="BlockQuickSort.java" function="java::BlockQuickSort.swapVerf:([III)V" line="1416"/>
</result>

<result property="java::BlockQuickSort.swapVerf:([III)V.assertion.2" status="SUCCESS">
  <location file="BlockQuickSort.java" function="java::BlockQuickSort.swapVerf:([III)V" line="1416"/>
</result>

<result property="java::BlockQuickSort.swapVerf:([III)V.null-pointer-exception.15" status="SUCCESS">
  <location file="BlockQuickSort.java" function="java::BlockQuickSort.swapVerf:([III)V" line="1417"/>
</result>

<result property="java::BlockQuickSort.swapVerf:([III)V.array-index-out-of-bounds-low.8" status="SUCCESS">
  <location file="BlockQuickSort.java" function="java::BlockQuickSort.swapVerf:([III)V" line="1417"/>
</result>

<result property="java::BlockQuickSort.swapVerf:([III)V.array-index-out-of-bounds-high.8" status="SUCCESS">
  <location file="BlockQuickSort.java" function="java::BlockQuickSort.swapVerf:([III)V" line="1417"/>
</result>

<result property="java::BlockQuickSort.swapVerf:([III)V.null-pointer-exception.16" status="SUCCESS">
  <location file="BlockQuickSort.java" function="java::BlockQuickSort.swapVerf:([III)V" line="1417"/>
</result>

<result property="java::BlockQuickSort.swapVerf:([III)V.assertion.3" status="SUCCESS">
  <location file="BlockQuickSort.java" function="java::BlockQuickSort.swapVerf:([III)V" line="1417"/>
</result>

<result property="java::BlockQuickSort.&lt;clinit&gt;:()V.null-pointer-exception.1" status="SUCCESS">
  <location file="BlockQuickSort.java" function="java::BlockQuickSort.&lt;clinit&gt;:()V" line="4"/>
</result>

<result property="array-create-negative-size.1" status="SUCCESS">
  <location/>
</result>

<result property="array-create-negative-size.2" status="SUCCESS">
  <location/>
</result>

<result property="array-create-negative-size.3" status="SUCCESS">
  <location/>
</result>

<result property="array-create-negative-size.4" status="SUCCESS">
  <location/>
</result>

<result property="array-create-negative-size.5" status="SUCCESS">
  <location/>
</result>

<result property="array-create-negative-size.6" status="SUCCESS">
  <location/>
</result>

<result property="array-create-negative-size.7" status="SUCCESS">
  <location/>
</result>

<result property="array-create-negative-size.8" status="SUCCESS">
  <location/>
</result>

<result property="array-create-negative-size.9" status="SUCCESS">
  <location/>
</result>

<result property="java::BlockQuickSort.swapVerf:([III)V.1" status="SUCCESS">
  <location file="BlockQuickSort.java" function="java::BlockQuickSort.swapVerf:([III)V" line="1386"/>
</result>

<message type="STATUS-MESSAGE">
  <text>VERIFICATION SUCCESSFUL</text>
</message>

<cprover-status>SUCCESS</cprover-status>

</cprover>
