bound,iter,JJBMC_result,FIL_result,FI_result,JJBMC_runtime,FIL_runtime,FI_runtime
1,0,SUCCESS,SUCCESS,SUCCESS,2.8666,0.0411,0.0329
1,1,SUCCESS,SUCCESS,SUCCESS,2.9105,0.044,0.025
1,2,SUCCESS,SUCCESS,SUCCESS,3.0673,0.0528,0.024
1,3,SUCCESS,SUCCESS,SUCCESS,2.8999,0.0427,0.0242
2,0,SUCCESS,SUCCESS,SUCCESS,3.8568,0.1122,0.063
2,1,SUCCESS,SUCCESS,SUCCESS,3.7808,0.1064,0.0519
2,2,SUCCESS,SUCCESS,SUCCESS,3.8739,0.1217,0.0504
2,3,SUCCESS,SUCCESS,SUCCESS,3.6804,0.1127,0.0479
3,0,SUCCESS,SUCCESS,SUCCESS,6.6806,0.3922,0.2404
3,1,SUCCESS,SUCCESS,SUCCESS,6.6921,0.4032,0.2453
3,2,SUCCESS,SUCCESS,SUCCESS,6.5109,0.4014,0.2533
3,3,SUCCESS,SUCCESS,SUCCESS,6.3998,0.3968,0.2486
4,0,SUCCESS,SUCCESS,SUCCESS,20.3806,2.3024,1.1046
4,1,SUCCESS,SUCCESS,SUCCESS,20.0365,2.2339,1.0767
4,2,SUCCESS,SUCCESS,SUCCESS,19.8138,2.3246,1.0841
4,3,SUCCESS,SUCCESS,SUCCESS,19.6902,2.2829,1.1121
5,0,SUCCESS,SUCCESS,SUCCESS,109.7529,6.6276,4.3033
5,1,SUCCESS,SUCCESS,SUCCESS,119.867,6.5609,4.3525
5,2,SUCCESS,SUCCESS,SUCCESS,116.8797,6.5888,4.3319
5,3,TIMEOUT,SUCCESS,SUCCESS,N/A,6.5298,4.3349
6,0,FAILURE,SUCCESS,SUCCESS,N/A,36.3803,20.0268
6,1,FAILURE,SUCCESS,SUCCESS,N/A,38.0016,19.4018
6,2,FAILURE,SUCCESS,SUCCESS,N/A,39.0662,19.8706
6,3,FAILURE,SUCCESS,SUCCESS,N/A,37.6025,20.1461
