bound,iter,JJBMC_result,FIL_result,FI_result,JJBMC_runtime,FIL_runtime,FI_runtime
1,0,SUCCESS,SUCCESS,SUCCESS,0.01,0.0321,0.0115
1,1,SUCCESS,SUCCESS,SUCCESS,0.0106,0.032,0.015
1,2,SUCCESS,SUCCESS,SUCCESS,0.0098,0.0268,0.0159
1,3,SUCCESS,SUCCESS,SUCCESS,0.0112,0.0289,0.0123
1,4,SUCCESS,SUCCESS,SUCCESS,0.0129,0.0251,0.0245
1,5,SUCCESS,SUCCESS,SUCCESS,0.0114,0.0353,0.0135
1,6,SUCCESS,SUCCESS,SUCCESS,0.0152,0.0229,0.0072
1,7,SUCCESS,SUCCESS,SUCCESS,0.0092,0.0333,0.0235
1,8,SUCCESS,SUCCESS,SUCCESS,0.0121,0.044,0.0198
1,9,SUCCESS,SUCCESS,SUCCESS,0.0121,0.0287,0.0175
2,0,SUCCESS,SUCCESS,SUCCESS,0.0353,0.0587,0.0585
2,1,SUCCESS,SUCCESS,SUCCESS,0.0406,0.0578,0.0397
2,2,SUCCESS,SUCCESS,SUCCESS,0.0391,0.0567,0.0419
2,3,SUCCESS,SUCCESS,SUCCESS,0.0451,0.0565,0.0317
2,4,SUCCESS,SUCCESS,SUCCESS,0.0356,0.0669,0.0322
2,5,SUCCESS,SUCCESS,SUCCESS,0.0322,0.051,0.0358
2,6,SUCCESS,SUCCESS,SUCCESS,0.042,0.058,0.0408
2,7,SUCCESS,SUCCESS,SUCCESS,0.0383,0.0572,0.0313
2,8,SUCCESS,SUCCESS,SUCCESS,0.036,0.0521,0.0413
2,9,SUCCESS,SUCCESS,SUCCESS,0.0346,0.0587,0.0591
3,0,SUCCESS,SUCCESS,SUCCESS,0.2935,0.3894,0.1636
3,1,SUCCESS,SUCCESS,SUCCESS,0.2789,0.3593,0.1491
3,2,SUCCESS,SUCCESS,SUCCESS,0.3214,0.4075,0.1844
3,3,SUCCESS,SUCCESS,SUCCESS,0.3275,0.4067,0.14
3,4,SUCCESS,SUCCESS,SUCCESS,0.3004,0.3747,0.1449
3,5,SUCCESS,SUCCESS,SUCCESS,0.2891,0.3704,0.1478
3,6,SUCCESS,SUCCESS,SUCCESS,0.2915,0.3639,0.1706
3,7,SUCCESS,SUCCESS,SUCCESS,0.291,0.3937,0.153
3,8,SUCCESS,SUCCESS,SUCCESS,0.2954,0.4259,0.1644
3,9,SUCCESS,SUCCESS,SUCCESS,0.2541,0.3594,0.1395
4,0,SUCCESS,SUCCESS,SUCCESS,9.8533,3.1571,2.0345
4,1,SUCCESS,SUCCESS,SUCCESS,9.6212,3.1553,2.1007
4,2,SUCCESS,SUCCESS,SUCCESS,9.5796,3.2456,2.0956
4,3,SUCCESS,SUCCESS,SUCCESS,9.5711,3.1991,2.0133
4,4,SUCCESS,SUCCESS,SUCCESS,9.5893,3.2085,2.078
4,5,SUCCESS,SUCCESS,SUCCESS,9.4241,3.1192,2.0623
4,6,SUCCESS,SUCCESS,SUCCESS,9.4315,3.2166,2.0806
4,7,SUCCESS,SUCCESS,SUCCESS,9.5424,3.1,2.0976
4,8,SUCCESS,SUCCESS,SUCCESS,9.6682,3.2689,2.1347
4,9,SUCCESS,SUCCESS,SUCCESS,9.4413,3.1394,2.1043
5,0,SUCCESS,SUCCESS,SUCCESS,40.9598,22.0498,26.4808
5,1,SUCCESS,SUCCESS,SUCCESS,40.9166,22.5656,26.2925
5,2,SUCCESS,SUCCESS,SUCCESS,40.805,22.2098,27.0458
5,3,SUCCESS,SUCCESS,SUCCESS,40.1374,22.4802,27.1466
5,4,SUCCESS,SUCCESS,SUCCESS,40.6959,22.0654,26.5477
5,5,SUCCESS,SUCCESS,SUCCESS,40.2882,22.2781,26.8584
5,6,SUCCESS,SUCCESS,SUCCESS,40.4966,22.1611,26.5948
5,7,SUCCESS,SUCCESS,SUCCESS,40.2985,22.7358,26.7414
5,8,SUCCESS,SUCCESS,SUCCESS,40.1623,22.7325,26.9286
5,9,SUCCESS,SUCCESS,SUCCESS,41.1331,22.3549,27.3508
6,0,TIMEOUT,TIMEOUT,TIMEOUT,N/A,N/A,N/A
6,1,TIMEOUT,TIMEOUT,TIMEOUT,N/A,N/A,N/A
6,2,TIMEOUT,TIMEOUT,TIMEOUT,N/A,N/A,N/A
6,3,TIMEOUT,TIMEOUT,TIMEOUT,N/A,N/A,N/A
6,4,TIMEOUT,TIMEOUT,TIMEOUT,N/A,N/A,N/A
6,5,TIMEOUT,TIMEOUT,TIMEOUT,N/A,N/A,N/A
6,6,TIMEOUT,TIMEOUT,TIMEOUT,N/A,N/A,N/A
6,7,TIMEOUT,TIMEOUT,TIMEOUT,N/A,N/A,N/A
6,8,TIMEOUT,TIMEOUT,TIMEOUT,N/A,N/A,N/A
6,9,TIMEOUT,TIMEOUT,TIMEOUT,N/A,N/A,N/A
7,0,TIMEOUT,TIMEOUT,TIMEOUT,N/A,N/A,N/A
7,1,TIMEOUT,TIMEOUT,TIMEOUT,N/A,N/A,N/A
7,2,TIMEOUT,TIMEOUT,TIMEOUT,N/A,N/A,N/A
7,3,TIMEOUT,TIMEOUT,TIMEOUT,N/A,N/A,N/A
7,4,TIMEOUT,TIMEOUT,TIMEOUT,N/A,N/A,N/A
7,5,TIMEOUT,TIMEOUT,TIMEOUT,N/A,N/A,N/A
7,6,TIMEOUT,TIMEOUT,TIMEOUT,N/A,N/A,N/A
7,7,TIMEOUT,TIMEOUT,TIMEOUT,N/A,N/A,N/A
8,0,TIMEOUT,TIMEOUT,TIMEOUT,N/A,N/A,N/A
8,1,TIMEOUT,TIMEOUT,N/A,N/A,N/A,N/A
8,2,TIMEOUT,TIMEOUT,TIMEOUT,N/A,N/A,N/A
8,3,TIMEOUT,TIMEOUT,N/A,N/A,N/A,N/A
8,4,TIMEOUT,TIMEOUT,TIMEOUT,N/A,N/A,N/A
8,5,TIMEOUT,N/A,N/A,N/A,N/A,N/A
8,6,TIMEOUT,TIMEOUT,TIMEOUT,N/A,N/A,N/A
8,7,TIMEOUT,TIMEOUT,N/A,N/A,N/A,N/A
