bound,iter,JJBMC_result,FIL_result,FI_result,JJBMC_runtime,FIL_runtime,FI_runtime
1,0,SUCCESS,SUCCESS,SUCCESS,0.0093,0.0256,0.0123
1,1,SUCCESS,SUCCESS,SUCCESS,0.0069,0.0182,0.0051
1,2,SUCCESS,SUCCESS,SUCCESS,0.0107,0.0359,0.0096
1,3,SUCCESS,SUCCESS,SUCCESS,0.0085,0.0103,0.014
1,4,SUCCESS,SUCCESS,SUCCESS,0.0211,0.019,0.0072
1,5,SUCCESS,SUCCESS,SUCCESS,0.0068,0.0123,0.0148
1,6,SUCCESS,SUCCESS,SUCCESS,0.0117,0.0141,0.0112
1,7,SUCCESS,SUCCESS,SUCCESS,0.0102,0.0215,0.0214
1,8,SUCCESS,SUCCESS,SUCCESS,0.0088,0.0339,0.0097
1,9,SUCCESS,SUCCESS,SUCCESS,0.0096,0.0204,0.0053
2,0,SUCCESS,SUCCESS,SUCCESS,0.0387,0.0299,0.0106
2,1,SUCCESS,SUCCESS,SUCCESS,0.0148,0.031,0.0146
2,2,SUCCESS,SUCCESS,SUCCESS,0.0485,0.0316,0.0246
2,3,SUCCESS,SUCCESS,SUCCESS,0.0215,0.0247,0.0102
2,4,SUCCESS,SUCCESS,SUCCESS,0.0355,0.0186,0.0141
2,5,SUCCESS,SUCCESS,SUCCESS,0.0211,0.0252,0.0144
2,6,SUCCESS,SUCCESS,SUCCESS,0.0196,0.0305,0.0188
2,7,SUCCESS,SUCCESS,SUCCESS,0.0316,0.0372,0.0183
2,8,SUCCESS,SUCCESS,SUCCESS,0.0426,0.0347,0.0232
2,9,SUCCESS,SUCCESS,SUCCESS,0.0117,0.0171,0.0182
3,0,SUCCESS,SUCCESS,SUCCESS,0.0613,0.0827,0.1739
3,1,SUCCESS,SUCCESS,SUCCESS,0.083,0.0958,0.1694
3,2,SUCCESS,SUCCESS,SUCCESS,0.0685,0.074,0.1392
3,3,SUCCESS,SUCCESS,SUCCESS,0.0789,0.0807,0.1442
3,4,SUCCESS,SUCCESS,SUCCESS,0.0938,0.0879,0.1201
3,5,SUCCESS,SUCCESS,SUCCESS,0.0719,0.0655,0.1337
3,6,SUCCESS,SUCCESS,SUCCESS,0.059,0.0659,0.1475
3,7,SUCCESS,SUCCESS,SUCCESS,0.0693,0.0679,0.1251
3,8,SUCCESS,SUCCESS,SUCCESS,0.0577,0.0563,0.1633
3,9,SUCCESS,SUCCESS,SUCCESS,0.0748,0.0969,0.1477
4,0,SUCCESS,SUCCESS,SUCCESS,0.3848,0.4101,6.1822
4,1,SUCCESS,SUCCESS,SUCCESS,0.3791,0.4148,6.4023
4,2,SUCCESS,SUCCESS,SUCCESS,0.4022,0.4068,6.2857
4,3,SUCCESS,SUCCESS,SUCCESS,0.373,0.4109,6.3169
4,4,SUCCESS,SUCCESS,SUCCESS,0.3887,0.4274,6.3284
4,5,SUCCESS,SUCCESS,SUCCESS,0.3675,0.3973,6.1851
4,6,SUCCESS,SUCCESS,SUCCESS,0.3523,0.3946,6.2914
4,7,SUCCESS,SUCCESS,SUCCESS,0.3804,0.4078,6.3244
4,8,SUCCESS,SUCCESS,SUCCESS,0.4119,0.4215,6.3428
4,9,SUCCESS,SUCCESS,SUCCESS,0.3574,0.3725,6.3119
5,0,SUCCESS,SUCCESS,SUCCESS,0.9407,43.4705,24.4709
5,1,SUCCESS,SUCCESS,SUCCESS,0.9303,42.7746,24.7821
5,2,SUCCESS,SUCCESS,SUCCESS,0.9282,43.0729,24.7329
5,3,SUCCESS,SUCCESS,SUCCESS,0.9067,42.7283,24.7118
5,4,SUCCESS,SUCCESS,SUCCESS,0.9182,43.1334,24.8391
5,5,SUCCESS,SUCCESS,SUCCESS,0.9083,44.0177,24.9608
5,6,SUCCESS,SUCCESS,SUCCESS,0.9102,42.6244,24.6641
5,7,SUCCESS,SUCCESS,SUCCESS,0.9225,43.37,24.6836
5,8,SUCCESS,SUCCESS,SUCCESS,0.9405,43.0755,24.5431
5,9,SUCCESS,SUCCESS,SUCCESS,0.9297,43.2664,24.7496
6,0,SUCCESS,SUCCESS,TIMEOUT,3.1311,3.3299,N/A
6,1,SUCCESS,SUCCESS,TIMEOUT,3.1154,3.3761,N/A
6,2,SUCCESS,SUCCESS,TIMEOUT,3.0728,3.324,N/A
6,3,SUCCESS,SUCCESS,TIMEOUT,3.1024,3.3641,N/A
6,4,SUCCESS,SUCCESS,TIMEOUT,3.0549,3.3085,N/A
6,5,SUCCESS,SUCCESS,TIMEOUT,3.0587,3.37,N/A
6,6,SUCCESS,SUCCESS,TIMEOUT,3.0212,3.3246,N/A
6,7,SUCCESS,SUCCESS,TIMEOUT,3.0564,3.3221,N/A
6,8,SUCCESS,SUCCESS,TIMEOUT,3.0174,3.3896,N/A
6,9,SUCCESS,SUCCESS,TIMEOUT,3.1176,3.3901,N/A
7,0,SUCCESS,SUCCESS,TIMEOUT,21.763,118.1713,N/A
7,1,SUCCESS,SUCCESS,TIMEOUT,21.8811,117.1611,N/A
7,2,SUCCESS,SUCCESS,TIMEOUT,21.565,118.5868,N/A
7,3,SUCCESS,SUCCESS,TIMEOUT,21.3725,118.5542,N/A
7,4,SUCCESS,SUCCESS,TIMEOUT,21.4774,118.3052,N/A
7,5,SUCCESS,SUCCESS,TIMEOUT,21.597,116.5703,N/A
7,6,SUCCESS,SUCCESS,TIMEOUT,21.3323,117.162,N/A
7,7,SUCCESS,SUCCESS,TIMEOUT,21.6794,118.6838,N/A
7,8,SUCCESS,SUCCESS,N/A,21.3635,116.3795,N/A
7,9,SUCCESS,N/A,N/A,21.5309,N/A,N/A
8,0,TIMEOUT,TIMEOUT,TIMEOUT,N/A,N/A,N/A
8,1,TIMEOUT,TIMEOUT,TIMEOUT,N/A,N/A,N/A
8,2,TIMEOUT,TIMEOUT,TIMEOUT,N/A,N/A,N/A
8,3,TIMEOUT,TIMEOUT,TIMEOUT,N/A,N/A,N/A
8,4,TIMEOUT,TIMEOUT,TIMEOUT,N/A,N/A,N/A
8,5,TIMEOUT,TIMEOUT,TIMEOUT,N/A,N/A,N/A
8,6,TIMEOUT,TIMEOUT,TIMEOUT,N/A,N/A,N/A
8,7,TIMEOUT,TIMEOUT,TIMEOUT,N/A,N/A,N/A
9,0,TIMEOUT,TIMEOUT,TIMEOUT,N/A,N/A,N/A
9,1,TIMEOUT,TIMEOUT,TIMEOUT,N/A,N/A,N/A
9,2,TIMEOUT,TIMEOUT,TIMEOUT,N/A,N/A,N/A
9,3,TIMEOUT,TIMEOUT,TIMEOUT,N/A,N/A,N/A
9,4,TIMEOUT,TIMEOUT,TIMEOUT,N/A,N/A,N/A
9,5,TIMEOUT,TIMEOUT,TIMEOUT,N/A,N/A,N/A
9,6,TIMEOUT,TIMEOUT,TIMEOUT,N/A,N/A,N/A
9,7,TIMEOUT,TIMEOUT,TIMEOUT,N/A,N/A,N/A
