bound,iter,JJBMC_result,FIL_result,FI_result,JJBMC_runtime,FIL_runtime,FI_runtime
1,0,SUCCESS,SUCCESS,SUCCESS,0.0167,0.026,0.0249
1,1,SUCCESS,SUCCESS,SUCCESS,0.0108,0.0476,0.0381
1,2,SUCCESS,SUCCESS,SUCCESS,0.0156,0.0384,0.0342
1,3,SUCCESS,SUCCESS,SUCCESS,0.0108,0.0326,0.0428
1,4,SUCCESS,SUCCESS,SUCCESS,0.0219,0.0124,0.0196
1,5,SUCCESS,SUCCESS,SUCCESS,0.0148,0.0219,0.0269
1,6,SUCCESS,SUCCESS,SUCCESS,0.0091,0.0454,0.0285
1,7,SUCCESS,SUCCESS,SUCCESS,0.0118,0.0253,0.0382
1,8,SUCCESS,SUCCESS,SUCCESS,0.0111,0.0301,0.0172
1,9,SUCCESS,SUCCESS,SUCCESS,0.0098,0.0375,0.0293
2,0,SUCCESS,SUCCESS,SUCCESS,0.0159,0.036,0.0321
2,1,SUCCESS,SUCCESS,SUCCESS,0.0816,0.0962,0.0558
2,2,SUCCESS,SUCCESS,SUCCESS,0.0229,0.0279,0.0389
2,3,SUCCESS,SUCCESS,SUCCESS,0.0693,0.0475,0.0508
2,4,SUCCESS,SUCCESS,SUCCESS,0.0183,0.0565,0.0629
2,5,SUCCESS,SUCCESS,SUCCESS,0.0762,0.0732,0.0426
2,6,SUCCESS,SUCCESS,SUCCESS,0.0261,0.0582,0.0187
2,7,SUCCESS,SUCCESS,SUCCESS,0.0787,0.0747,0.0464
2,8,SUCCESS,SUCCESS,SUCCESS,0.0201,0.0548,0.0592
2,9,SUCCESS,SUCCESS,SUCCESS,0.0455,0.0683,0.0558
3,0,SUCCESS,SUCCESS,SUCCESS,1.0947,0.3424,0.1433
3,1,SUCCESS,SUCCESS,SUCCESS,1.1253,0.3485,0.1493
3,2,SUCCESS,SUCCESS,SUCCESS,1.129,0.3029,0.1655
3,3,SUCCESS,SUCCESS,SUCCESS,1.03,0.3752,0.1834
3,4,SUCCESS,SUCCESS,SUCCESS,1.1051,0.3737,0.1494
3,5,SUCCESS,SUCCESS,SUCCESS,1.0843,0.3234,0.19
3,6,SUCCESS,SUCCESS,SUCCESS,1.1649,0.3073,0.1714
3,7,SUCCESS,SUCCESS,SUCCESS,1.1632,0.3398,0.1947
3,8,SUCCESS,SUCCESS,SUCCESS,1.0532,0.3337,0.1693
3,9,SUCCESS,SUCCESS,SUCCESS,1.1037,0.3123,0.1569
4,0,SUCCESS,SUCCESS,SUCCESS,2.6899,3.4773,1.0249
4,1,SUCCESS,SUCCESS,SUCCESS,2.6589,3.6456,1.0388
4,2,SUCCESS,SUCCESS,SUCCESS,2.6654,3.5195,0.988
4,3,SUCCESS,SUCCESS,SUCCESS,2.6744,3.5116,0.9908
4,4,SUCCESS,SUCCESS,SUCCESS,2.6673,3.5427,1.0277
4,5,SUCCESS,SUCCESS,SUCCESS,2.6385,3.5613,1.0269
4,6,SUCCESS,SUCCESS,SUCCESS,2.8273,3.5243,0.9835
4,7,SUCCESS,SUCCESS,SUCCESS,2.6393,3.6142,1.0459
4,8,SUCCESS,SUCCESS,SUCCESS,2.746,3.5044,1.0809
4,9,SUCCESS,SUCCESS,SUCCESS,2.6191,3.5163,1.0903
5,0,SUCCESS,SUCCESS,SUCCESS,23.1787,7.8072,40.0439
5,1,SUCCESS,SUCCESS,SUCCESS,23.4423,8.0785,41.0682
5,2,SUCCESS,SUCCESS,SUCCESS,22.6971,7.9424,39.9621
5,3,SUCCESS,SUCCESS,SUCCESS,23.3812,8.1503,40.332
5,4,SUCCESS,SUCCESS,SUCCESS,23.1511,8.0582,40.2225
5,5,SUCCESS,SUCCESS,SUCCESS,22.9496,8.0296,39.702
5,6,SUCCESS,SUCCESS,SUCCESS,22.9596,8.068,39.8863
5,7,SUCCESS,SUCCESS,SUCCESS,22.4248,8.1777,40.2624
5,8,SUCCESS,SUCCESS,SUCCESS,23.4557,8.1926,40.3441
5,9,SUCCESS,SUCCESS,SUCCESS,23.2705,8.2111,40.0091
6,0,TIMEOUT,SUCCESS,SUCCESS,N/A,85.6054,73.3312
6,1,TIMEOUT,SUCCESS,SUCCESS,N/A,85.2782,73.6658
6,2,TIMEOUT,SUCCESS,SUCCESS,N/A,85.1974,72.6639
6,3,TIMEOUT,SUCCESS,SUCCESS,N/A,82.7917,72.7746
6,4,TIMEOUT,SUCCESS,SUCCESS,N/A,85.0362,71.1363
6,5,TIMEOUT,SUCCESS,SUCCESS,N/A,82.2392,73.4093
6,6,TIMEOUT,SUCCESS,SUCCESS,N/A,84.345,73.7731
6,7,TIMEOUT,SUCCESS,SUCCESS,N/A,83.0963,71.9768
6,8,TIMEOUT,SUCCESS,SUCCESS,N/A,85.0603,71.2542
6,9,TIMEOUT,SUCCESS,SUCCESS,N/A,82.8502,73.7293
7,0,TIMEOUT,TIMEOUT,TIMEOUT,N/A,N/A,N/A
7,1,TIMEOUT,TIMEOUT,TIMEOUT,N/A,N/A,N/A
7,2,TIMEOUT,TIMEOUT,TIMEOUT,N/A,N/A,N/A
7,3,TIMEOUT,TIMEOUT,TIMEOUT,N/A,N/A,N/A
7,4,TIMEOUT,TIMEOUT,TIMEOUT,N/A,N/A,N/A
7,5,TIMEOUT,TIMEOUT,TIMEOUT,N/A,N/A,N/A
7,6,TIMEOUT,TIMEOUT,TIMEOUT,N/A,N/A,N/A
7,7,TIMEOUT,TIMEOUT,TIMEOUT,N/A,N/A,N/A
7,8,TIMEOUT,TIMEOUT,TIMEOUT,N/A,N/A,N/A
7,9,TIMEOUT,TIMEOUT,TIMEOUT,N/A,N/A,N/A
8,0,TIMEOUT,TIMEOUT,TIMEOUT,N/A,N/A,N/A
8,1,TIMEOUT,TIMEOUT,TIMEOUT,N/A,N/A,N/A
8,2,TIMEOUT,TIMEOUT,TIMEOUT,N/A,N/A,N/A
8,3,TIMEOUT,TIMEOUT,TIMEOUT,N/A,N/A,N/A
8,4,TIMEOUT,TIMEOUT,TIMEOUT,N/A,N/A,N/A
8,5,TIMEOUT,TIMEOUT,TIMEOUT,N/A,N/A,N/A
8,6,TIMEOUT,TIMEOUT,TIMEOUT,N/A,N/A,N/A
8,7,TIMEOUT,TIMEOUT,TIMEOUT,N/A,N/A,N/A
