bound,iter,JJBMC_result,FIL_result,FI_result,JJBMC_runtime,FIL_runtime,FI_runtime
1,0,SUCCESS,SUCCESS,SUCCESS,0.0174,0.0116,0.0107
1,1,SUCCESS,SUCCESS,SUCCESS,0.0185,0.0106,0.0101
1,2,SUCCESS,SUCCESS,SUCCESS,0.0166,0.0111,0.011
1,3,SUCCESS,SUCCESS,SUCCESS,0.018,0.0101,0.0159
2,0,SUCCESS,SUCCESS,SUCCESS,0.0842,0.0279,0.0333
2,1,SUCCESS,SUCCESS,SUCCESS,0.0818,0.0289,0.0295
2,2,SUCCESS,SUCCESS,SUCCESS,0.0781,0.0286,0.0343
2,3,SUCCESS,SUCCESS,SUCCESS,0.0743,0.0335,0.0313
3,0,SUCCESS,SUCCESS,SUCCESS,0.5575,0.177,0.1598
3,1,SUCCESS,SUCCESS,SUCCESS,0.5631,0.1699,0.164
3,2,SUCCESS,SUCCESS,SUCCESS,0.5483,0.16,0.1557
3,3,SUCCESS,SUCCESS,SUCCESS,0.5497,0.1741,0.1691
4,0,SUCCESS,SUCCESS,SUCCESS,4.5748,1.1212,2.4056
4,1,SUCCESS,SUCCESS,SUCCESS,4.6957,1.1012,2.3167
4,2,SUCCESS,SUCCESS,SUCCESS,4.6307,1.116,2.3517
4,3,SUCCESS,SUCCESS,SUCCESS,4.5238,1.1268,2.3828
5,0,SUCCESS,SUCCESS,SUCCESS,33.7856,9.999,9.8072
5,1,SUCCESS,SUCCESS,SUCCESS,34.0004,9.9667,10.0342
5,2,SUCCESS,SUCCESS,SUCCESS,33.5021,9.9496,10.0611
5,3,SUCCESS,SUCCESS,SUCCESS,34.0407,10.2269,9.9126
6,0,TIMEOUT,SUCCESS,SUCCESS,N/A,87.6376,50.705
6,1,TIMEOUT,SUCCESS,SUCCESS,N/A,81.6546,48.052
6,2,TIMEOUT,SUCCESS,SUCCESS,N/A,83.4907,49.9169
6,3,TIMEOUT,SUCCESS,SUCCESS,N/A,76.0445,47.7756
