bound,iter,JJBMC_result,FIL_result,FI_result,JJBMC_runtime,FIL_runtime,FI_runtime
1,0,SUCCESS,SUCCESS,SUCCESS,0.0249,0.0169,0.0234
1,1,SUCCESS,SUCCESS,SUCCESS,0.0201,0.0326,0.0158
1,2,SUCCESS,SUCCESS,SUCCESS,0.0132,0.033,0.0145
1,3,SUCCESS,SUCCESS,SUCCESS,0.0189,0.0212,0.0248
1,4,SUCCESS,SUCCESS,SUCCESS,0.0213,0.0262,0.0205
2,0,SUCCESS,SUCCESS,SUCCESS,0.0592,0.0891,0.0148
2,1,SUCCESS,SUCCESS,SUCCESS,0.0773,0.1067,0.0156
2,2,SUCCESS,SUCCESS,SUCCESS,0.0725,0.0917,0.0106
2,3,SUCCESS,SUCCESS,SUCCESS,0.0828,0.0946,0.0097
2,4,SUCCESS,SUCCESS,SUCCESS,0.061,0.0766,0.0222
3,0,SUCCESS,SUCCESS,SUCCESS,0.2172,1.1276,0.0217
3,1,SUCCESS,SUCCESS,SUCCESS,0.274,1.184,0.0242
3,2,SUCCESS,SUCCESS,SUCCESS,0.2574,1.2124,0.0169
3,3,SUCCESS,SUCCESS,SUCCESS,0.2747,1.1797,0.0177
3,4,SUCCESS,SUCCESS,SUCCESS,0.2627,1.1087,0.0253
4,0,SUCCESS,SUCCESS,SUCCESS,1.7346,2.6737,0.0171
4,1,SUCCESS,SUCCESS,SUCCESS,1.7475,2.6932,0.0176
4,2,SUCCESS,SUCCESS,SUCCESS,1.758,2.7676,0.0175
4,3,SUCCESS,SUCCESS,SUCCESS,1.7365,2.7045,0.0168
4,4,SUCCESS,SUCCESS,SUCCESS,1.6946,2.7635,0.0164
5,0,SUCCESS,SUCCESS,SUCCESS,15.3978,12.6325,0.0312
5,1,SUCCESS,SUCCESS,SUCCESS,15.4325,12.7744,0.0305
5,2,SUCCESS,SUCCESS,SUCCESS,15.1542,12.7208,0.032
5,3,SUCCESS,SUCCESS,SUCCESS,15.5135,12.7924,0.0314
5,4,SUCCESS,SUCCESS,SUCCESS,15.3071,12.788,0.0292
6,0,SUCCESS,TIMEOUT,SUCCESS,111.3677,N/A,0.0667
6,1,SUCCESS,TIMEOUT,SUCCESS,112.1366,N/A,0.0716
6,2,SUCCESS,TIMEOUT,SUCCESS,113.8482,N/A,0.0661
6,3,SUCCESS,TIMEOUT,SUCCESS,111.2448,N/A,0.0649
6,4,SUCCESS,TIMEOUT,SUCCESS,108.877,N/A,0.0649
7,0,N/A,TIMEOUT,SUCCESS,N/A,N/A,0.1146
7,1,N/A,TIMEOUT,SUCCESS,N/A,N/A,0.1155
7,2,TIMEOUT,TIMEOUT,SUCCESS,N/A,N/A,0.1184
7,3,N/A,TIMEOUT,SUCCESS,N/A,N/A,0.1156
7,4,N/A,N/A,SUCCESS,N/A,N/A,0.1136
8,0,TIMEOUT,TIMEOUT,SUCCESS,N/A,N/A,0.1231
8,1,TIMEOUT,TIMEOUT,SUCCESS,N/A,N/A,0.1219
8,2,TIMEOUT,TIMEOUT,SUCCESS,N/A,N/A,0.1354
8,3,TIMEOUT,TIMEOUT,SUCCESS,N/A,N/A,0.1229
9,0,TIMEOUT,TIMEOUT,SUCCESS,N/A,N/A,0.1113
9,1,TIMEOUT,TIMEOUT,SUCCESS,N/A,N/A,0.1123
9,2,TIMEOUT,TIMEOUT,SUCCESS,N/A,N/A,0.1178
9,3,TIMEOUT,TIMEOUT,SUCCESS,N/A,N/A,0.1134
10,0,TIMEOUT,TIMEOUT,SUCCESS,N/A,N/A,0.1594
10,1,TIMEOUT,TIMEOUT,SUCCESS,N/A,N/A,0.162
10,2,TIMEOUT,TIMEOUT,SUCCESS,N/A,N/A,0.1584
10,3,TIMEOUT,TIMEOUT,SUCCESS,N/A,N/A,0.1604
11,0,TIMEOUT,TIMEOUT,SUCCESS,N/A,N/A,0.3327
11,1,TIMEOUT,TIMEOUT,SUCCESS,N/A,N/A,0.328
11,2,TIMEOUT,TIMEOUT,SUCCESS,N/A,N/A,0.3261
11,3,TIMEOUT,TIMEOUT,SUCCESS,N/A,N/A,0.3503
