bound,iter,JJBMC_result,FIL_result,FI_result,JJBMC_runtime,FIL_runtime,FI_runtime
1,0,SUCCESS,SUCCESS,SUCCESS,0.0187,0.0191,3.496
1,1,SUCCESS,SUCCESS,SUCCESS,0.0188,0.0199,3.8956
1,2,SUCCESS,SUCCESS,SUCCESS,0.0193,0.0197,3.5427
1,3,SUCCESS,SUCCESS,SUCCESS,0.0193,0.0203,3.1547
2,0,SUCCESS,SUCCESS,MEMORY_LIMIT,0.1526,0.1849,N/A
2,1,SUCCESS,SUCCESS,MEMORY_LIMIT,0.1412,0.1832,N/A
2,2,SUCCESS,SUCCESS,MEMORY_LIMIT,0.1423,0.1854,N/A
2,3,SUCCESS,SUCCESS,MEMORY_LIMIT,0.1475,0.1873,N/A
3,0,SUCCESS,SUCCESS,MEMORY_LIMIT,0.2639,0.5357,N/A
3,1,SUCCESS,SUCCESS,MEMORY_LIMIT,0.2861,0.5697,N/A
3,2,SUCCESS,SUCCESS,MEMORY_LIMIT,0.2631,0.5617,N/A
3,3,SUCCESS,SUCCESS,MEMORY_LIMIT,0.2761,0.5703,N/A
4,0,SUCCESS,SUCCESS,MEMORY_LIMIT,29.4716,21.6273,N/A
4,1,SUCCESS,SUCCESS,MEMORY_LIMIT,33.0912,18.3294,N/A
4,2,SUCCESS,SUCCESS,MEMORY_LIMIT,29.706,21.9604,N/A
4,3,SUCCESS,SUCCESS,MEMORY_LIMIT,30.0897,23.6021,N/A
