bound,iter,JJBMC_result,FIL_result,FI_result,JJBMC_runtime,FIL_runtime,FI_runtime
1,0,SUCCESS,SUCCESS,SUCCESS,0.0063,0.0033,0.0031
1,1,SUCCESS,SUCCESS,SUCCESS,0.0129,0.0085,0.003
1,2,SUCCESS,SUCCESS,SUCCESS,0.007,0.0034,0.0083
1,3,SUCCESS,SUCCESS,SUCCESS,0.0042,0.0057,0.0155
1,4,SUCCESS,SUCCESS,SUCCESS,0.0033,0.0032,0.0051
1,5,SUCCESS,SUCCESS,SUCCESS,0.0044,0.0042,0.0023
1,6,SUCCESS,SUCCESS,SUCCESS,0.004,0.0113,0.0058
1,7,SUCCESS,SUCCESS,SUCCESS,0.0031,0.0075,0.0067
1,8,SUCCESS,SUCCESS,SUCCESS,0.0051,0.0131,0.0024
1,9,SUCCESS,SUCCESS,SUCCESS,0.0041,0.0038,0.0077
2,0,SUCCESS,SUCCESS,SUCCESS,0.006,0.0057,0.0078
2,1,SUCCESS,SUCCESS,SUCCESS,0.0038,0.0124,0.0072
2,2,SUCCESS,SUCCESS,SUCCESS,0.0041,0.0058,0.0059
2,3,SUCCESS,SUCCESS,SUCCESS,0.0057,0.0114,0.0099
2,4,SUCCESS,SUCCESS,SUCCESS,0.0059,0.005,0.0144
2,5,SUCCESS,SUCCESS,SUCCESS,0.0063,0.012,0.0054
2,6,SUCCESS,SUCCESS,SUCCESS,0.0054,0.0133,0.005
2,7,SUCCESS,SUCCESS,SUCCESS,0.0051,0.0078,0.0101
2,8,SUCCESS,SUCCESS,SUCCESS,0.0046,0.0179,0.0096
2,9,SUCCESS,SUCCESS,SUCCESS,0.008,0.0058,0.0076
3,0,SUCCESS,SUCCESS,SUCCESS,0.0125,0.0147,0.0064
3,1,SUCCESS,SUCCESS,SUCCESS,0.0139,0.0129,0.0061
3,2,SUCCESS,SUCCESS,SUCCESS,0.022,0.0172,0.0078
3,3,SUCCESS,SUCCESS,SUCCESS,0.0074,0.0081,0.0119
3,4,SUCCESS,SUCCESS,SUCCESS,0.0122,0.0149,0.0087
3,5,SUCCESS,SUCCESS,SUCCESS,0.0151,0.008,0.0066
3,6,SUCCESS,SUCCESS,SUCCESS,0.0097,0.0134,0.0192
3,7,SUCCESS,SUCCESS,SUCCESS,0.0146,0.0124,0.0131
3,8,SUCCESS,SUCCESS,SUCCESS,0.0143,0.0233,0.0113
3,9,SUCCESS,SUCCESS,SUCCESS,0.0141,0.0076,0.0083
4,0,SUCCESS,SUCCESS,SUCCESS,0.0129,0.0162,0.0217
4,1,SUCCESS,SUCCESS,SUCCESS,0.0114,0.0131,0.0065
4,2,SUCCESS,SUCCESS,SUCCESS,0.008,0.0077,0.0057
4,3,SUCCESS,SUCCESS,SUCCESS,0.0069,0.0056,0.0122
4,4,SUCCESS,SUCCESS,SUCCESS,0.0101,0.0097,0.0072
4,5,SUCCESS,SUCCESS,SUCCESS,0.0101,0.0139,0.0066
4,6,SUCCESS,SUCCESS,SUCCESS,0.0069,0.0091,0.0087
4,7,SUCCESS,SUCCESS,SUCCESS,0.0077,0.0136,0.0059
4,8,SUCCESS,SUCCESS,SUCCESS,0.0096,0.0162,0.0093
4,9,SUCCESS,SUCCESS,SUCCESS,0.0076,0.0091,0.0057
5,0,SUCCESS,SUCCESS,SUCCESS,0.0447,0.0272,0.0175
5,1,SUCCESS,SUCCESS,SUCCESS,0.0203,0.0415,0.0176
5,2,SUCCESS,SUCCESS,SUCCESS,0.0217,0.0316,0.0273
5,3,SUCCESS,SUCCESS,SUCCESS,0.0188,0.0226,0.0153
5,4,SUCCESS,SUCCESS,SUCCESS,0.0213,0.0304,0.0187
5,5,SUCCESS,SUCCESS,SUCCESS,0.0299,0.0241,0.014
5,6,SUCCESS,SUCCESS,SUCCESS,0.0384,0.0219,0.0232
5,7,SUCCESS,SUCCESS,SUCCESS,0.0156,0.0405,0.03
5,8,SUCCESS,SUCCESS,SUCCESS,0.0237,0.0179,0.0132
5,9,SUCCESS,SUCCESS,SUCCESS,0.0235,0.0132,0.0121
6,0,SUCCESS,SUCCESS,SUCCESS,0.0198,0.0182,0.0128
6,1,SUCCESS,SUCCESS,SUCCESS,0.0202,0.0248,0.0143
6,2,SUCCESS,SUCCESS,SUCCESS,0.0212,0.0385,0.0242
6,3,SUCCESS,SUCCESS,SUCCESS,0.0191,0.0211,0.0135
6,4,SUCCESS,SUCCESS,SUCCESS,0.0199,0.0209,0.0127
6,5,SUCCESS,SUCCESS,SUCCESS,0.0221,0.0196,0.0146
6,6,SUCCESS,SUCCESS,SUCCESS,0.0172,0.0215,0.0126
6,7,SUCCESS,SUCCESS,SUCCESS,0.0204,0.0201,0.0173
6,8,SUCCESS,SUCCESS,SUCCESS,0.0215,0.0212,0.0147
6,9,SUCCESS,SUCCESS,SUCCESS,0.022,0.0205,0.0144
7,0,SUCCESS,SUCCESS,SUCCESS,0.0409,0.0326,0.0276
7,1,SUCCESS,SUCCESS,SUCCESS,0.0486,0.0283,0.026
7,2,SUCCESS,SUCCESS,SUCCESS,0.0529,0.0508,0.0365
7,3,SUCCESS,SUCCESS,SUCCESS,0.0589,0.035,0.0268
7,4,SUCCESS,SUCCESS,SUCCESS,0.0556,0.0495,0.0199
7,5,SUCCESS,SUCCESS,SUCCESS,0.057,0.0339,0.0306
7,6,SUCCESS,SUCCESS,SUCCESS,0.065,0.0401,0.0346
7,7,SUCCESS,SUCCESS,SUCCESS,0.0425,0.0305,0.0349
7,8,SUCCESS,SUCCESS,SUCCESS,0.0456,0.0356,0.0302
7,9,SUCCESS,SUCCESS,SUCCESS,0.0463,0.0413,0.0234
8,0,SUCCESS,SUCCESS,SUCCESS,0.0316,0.0403,0.0471
8,1,SUCCESS,SUCCESS,SUCCESS,0.0325,0.045,0.0365
8,2,SUCCESS,SUCCESS,SUCCESS,0.0391,0.0401,0.0338
8,3,SUCCESS,SUCCESS,SUCCESS,0.032,0.0316,0.0222
8,4,SUCCESS,SUCCESS,SUCCESS,0.0374,0.0292,0.0238
8,5,SUCCESS,SUCCESS,SUCCESS,0.0346,0.0342,0.034
8,6,SUCCESS,SUCCESS,SUCCESS,0.0305,0.035,0.0227
8,7,SUCCESS,SUCCESS,SUCCESS,0.0309,0.0282,0.0218
8,8,SUCCESS,SUCCESS,SUCCESS,0.0384,0.0373,0.0386
8,9,SUCCESS,SUCCESS,SUCCESS,0.034,0.0382,0.0313
9,0,SUCCESS,SUCCESS,SUCCESS,0.0626,0.044,0.0241
9,1,SUCCESS,SUCCESS,SUCCESS,0.0543,0.0837,0.0637
9,2,SUCCESS,SUCCESS,SUCCESS,0.0858,0.0652,0.0414
9,3,SUCCESS,SUCCESS,SUCCESS,0.0584,0.0718,0.0496
9,4,SUCCESS,SUCCESS,SUCCESS,0.0641,0.0628,0.0396
9,5,SUCCESS,SUCCESS,SUCCESS,0.0609,0.0623,0.0508
9,6,SUCCESS,SUCCESS,SUCCESS,0.0538,0.0578,0.0482
9,7,SUCCESS,SUCCESS,SUCCESS,0.0672,0.0517,0.0507
9,8,SUCCESS,SUCCESS,SUCCESS,0.0542,0.0514,0.042
9,9,SUCCESS,SUCCESS,SUCCESS,0.0597,0.0673,0.036
10,0,SUCCESS,SUCCESS,SUCCESS,0.0516,0.0768,0.0492
10,1,SUCCESS,SUCCESS,SUCCESS,0.0527,0.0728,0.0414
10,2,SUCCESS,SUCCESS,SUCCESS,0.0491,0.0656,0.0556
10,3,SUCCESS,SUCCESS,SUCCESS,0.0566,0.0672,0.0525
10,4,SUCCESS,SUCCESS,SUCCESS,0.0518,0.0784,0.0483
10,5,SUCCESS,SUCCESS,SUCCESS,0.0531,0.0833,0.0379
10,6,SUCCESS,SUCCESS,SUCCESS,0.054,0.0609,0.0419
10,7,SUCCESS,SUCCESS,SUCCESS,0.0451,0.0501,0.0442
10,8,SUCCESS,SUCCESS,SUCCESS,0.0636,0.0651,0.0486
10,9,SUCCESS,SUCCESS,SUCCESS,0.0519,0.0714,0.0391
11,0,SUCCESS,SUCCESS,SUCCESS,0.0861,0.0747,0.0474
11,1,SUCCESS,SUCCESS,SUCCESS,0.0802,0.0901,0.0531
11,2,SUCCESS,SUCCESS,SUCCESS,0.0767,0.0882,0.0568
11,3,SUCCESS,SUCCESS,SUCCESS,0.0876,0.0863,0.0483
11,4,SUCCESS,SUCCESS,SUCCESS,0.1044,0.0872,0.0588
11,5,SUCCESS,SUCCESS,SUCCESS,0.0662,0.0941,0.064
11,6,SUCCESS,SUCCESS,SUCCESS,0.101,0.0821,0.052
11,7,SUCCESS,SUCCESS,SUCCESS,0.0722,0.0823,0.0537
11,8,SUCCESS,SUCCESS,SUCCESS,0.086,0.0871,0.0796
11,9,SUCCESS,SUCCESS,SUCCESS,0.077,0.1031,0.0594
12,0,SUCCESS,SUCCESS,SUCCESS,0.1059,0.1003,0.0689
12,1,SUCCESS,SUCCESS,SUCCESS,0.0896,0.0796,0.0755
12,2,SUCCESS,SUCCESS,SUCCESS,0.087,0.0819,0.0703
12,3,SUCCESS,SUCCESS,SUCCESS,0.0725,0.0845,0.0564
12,4,SUCCESS,SUCCESS,SUCCESS,0.0772,0.0784,0.0795
12,5,SUCCESS,SUCCESS,SUCCESS,0.0839,0.0856,0.0649
12,6,SUCCESS,SUCCESS,SUCCESS,0.1144,0.0855,0.0597
12,7,SUCCESS,SUCCESS,SUCCESS,0.0747,0.0906,0.0764
12,8,SUCCESS,SUCCESS,SUCCESS,0.0931,0.0939,0.0599
12,9,SUCCESS,SUCCESS,SUCCESS,0.0829,0.0895,0.059
13,0,SUCCESS,SUCCESS,SUCCESS,0.0851,0.0986,0.0685
13,1,SUCCESS,SUCCESS,SUCCESS,0.0668,0.0866,0.0653
13,2,SUCCESS,SUCCESS,SUCCESS,0.0869,0.0975,0.0741
13,3,SUCCESS,SUCCESS,SUCCESS,0.0725,0.099,0.0679
13,4,SUCCESS,SUCCESS,SUCCESS,0.0762,0.1085,0.0839
13,5,SUCCESS,SUCCESS,SUCCESS,0.0773,0.0874,0.0716
13,6,SUCCESS,SUCCESS,SUCCESS,0.0851,0.0994,0.0758
13,7,SUCCESS,SUCCESS,SUCCESS,0.075,0.0958,0.0705
13,8,SUCCESS,SUCCESS,SUCCESS,0.0751,0.09,0.0718
13,9,SUCCESS,SUCCESS,SUCCESS,0.0764,0.1002,0.0756
14,0,SUCCESS,SUCCESS,SUCCESS,0.0503,0.0538,0.0352
14,1,SUCCESS,SUCCESS,SUCCESS,0.0479,0.0485,0.0346
14,2,SUCCESS,SUCCESS,SUCCESS,0.049,0.0516,0.0369
14,3,SUCCESS,SUCCESS,SUCCESS,0.0504,0.046,0.0369
14,4,SUCCESS,SUCCESS,SUCCESS,0.0489,0.0542,0.0401
14,5,SUCCESS,SUCCESS,SUCCESS,0.0489,0.0479,0.0344
14,6,SUCCESS,SUCCESS,SUCCESS,0.0528,0.056,0.0374
14,7,SUCCESS,SUCCESS,SUCCESS,0.0473,0.0472,0.0348
14,8,SUCCESS,SUCCESS,SUCCESS,0.0521,0.055,0.039
14,9,SUCCESS,SUCCESS,SUCCESS,0.0477,0.0501,0.0364
