bound,iter,JJBMC_result,FIL_result,FI_result,JJBMC_runtime,FIL_runtime,FI_runtime
1,0,SUCCESS,SUCCESS,SUCCESS,0.0022,0.01,0.0026
1,1,SUCCESS,SUCCESS,SUCCESS,0.0034,0.003,0.0035
1,2,SUCCESS,SUCCESS,SUCCESS,0.0031,0.0064,0.0028
1,3,SUCCESS,SUCCESS,SUCCESS,0.0026,0.0035,0.0029
1,4,SUCCESS,SUCCESS,SUCCESS,0.003,0.0048,0.006
1,5,SUCCESS,SUCCESS,SUCCESS,0.0054,0.0039,0.0023
1,6,SUCCESS,SUCCESS,SUCCESS,0.0042,0.0053,0.0073
1,7,SUCCESS,SUCCESS,SUCCESS,0.0032,0.0058,0.0063
1,8,SUCCESS,SUCCESS,SUCCESS,0.0054,0.0067,0.002
1,9,SUCCESS,SUCCESS,SUCCESS,0.0028,0.0107,0.0032
2,0,SUCCESS,SUCCESS,SUCCESS,0.005,0.0032,0.0034
2,1,SUCCESS,SUCCESS,SUCCESS,0.0029,0.0031,0.0035
2,2,SUCCESS,SUCCESS,SUCCESS,0.0031,0.0105,0.0043
2,3,SUCCESS,SUCCESS,SUCCESS,0.0048,0.003,0.0053
2,4,SUCCESS,SUCCESS,SUCCESS,0.0047,0.0075,0.0114
2,5,SUCCESS,SUCCESS,SUCCESS,0.0064,0.0054,0.0048
2,6,SUCCESS,SUCCESS,SUCCESS,0.0041,0.0032,0.0053
2,7,SUCCESS,SUCCESS,SUCCESS,0.0025,0.0075,0.0038
2,8,SUCCESS,SUCCESS,SUCCESS,0.0035,0.0074,0.0103
2,9,SUCCESS,SUCCESS,SUCCESS,0.0033,0.0055,0.0093
3,0,SUCCESS,SUCCESS,SUCCESS,0.0174,0.0066,0.0042
3,1,SUCCESS,SUCCESS,SUCCESS,0.0088,0.0049,0.008
3,2,SUCCESS,SUCCESS,SUCCESS,0.013,0.0151,0.0033
3,3,SUCCESS,SUCCESS,SUCCESS,0.0111,0.0093,0.0112
3,4,SUCCESS,SUCCESS,SUCCESS,0.0063,0.0069,0.0062
3,5,SUCCESS,SUCCESS,SUCCESS,0.011,0.005,0.0078
3,6,SUCCESS,SUCCESS,SUCCESS,0.0196,0.0036,0.0037
3,7,SUCCESS,SUCCESS,SUCCESS,0.0063,0.0028,0.0074
3,8,SUCCESS,SUCCESS,SUCCESS,0.0092,0.0046,0.0028
3,9,SUCCESS,SUCCESS,SUCCESS,0.0126,0.0046,0.0032
4,0,SUCCESS,SUCCESS,SUCCESS,0.0044,0.0072,0.0049
4,1,SUCCESS,SUCCESS,SUCCESS,0.0048,0.006,0.0033
4,2,SUCCESS,SUCCESS,SUCCESS,0.0046,0.0058,0.0033
4,3,SUCCESS,SUCCESS,SUCCESS,0.0039,0.0055,0.0056
4,4,SUCCESS,SUCCESS,SUCCESS,0.0046,0.0033,0.0032
4,5,SUCCESS,SUCCESS,SUCCESS,0.0046,0.0029,0.0039
4,6,SUCCESS,SUCCESS,SUCCESS,0.005,0.0134,0.0063
4,7,SUCCESS,SUCCESS,SUCCESS,0.0042,0.0032,0.004
4,8,SUCCESS,SUCCESS,SUCCESS,0.0052,0.0033,0.0041
4,9,SUCCESS,SUCCESS,SUCCESS,0.0034,0.0044,0.0049
5,0,SUCCESS,SUCCESS,SUCCESS,0.0055,0.0039,0.003
5,1,SUCCESS,SUCCESS,SUCCESS,0.0065,0.0042,0.0058
5,2,SUCCESS,SUCCESS,SUCCESS,0.0066,0.0034,0.0084
5,3,SUCCESS,SUCCESS,SUCCESS,0.0091,0.0086,0.0054
5,4,SUCCESS,SUCCESS,SUCCESS,0.0063,0.0036,0.0039
5,5,SUCCESS,SUCCESS,SUCCESS,0.0096,0.0042,0.0036
5,6,SUCCESS,SUCCESS,SUCCESS,0.0061,0.0037,0.0049
5,7,SUCCESS,SUCCESS,SUCCESS,0.0085,0.0064,0.0149
5,8,SUCCESS,SUCCESS,SUCCESS,0.0064,0.0033,0.003
5,9,SUCCESS,SUCCESS,SUCCESS,0.0168,0.0062,0.0035
6,0,SUCCESS,SUCCESS,SUCCESS,0.0066,0.0048,0.0074
6,1,SUCCESS,SUCCESS,SUCCESS,0.0093,0.0035,0.0038
6,2,SUCCESS,SUCCESS,SUCCESS,0.0096,0.005,0.0059
6,3,SUCCESS,SUCCESS,SUCCESS,0.0059,0.0043,0.0035
6,4,SUCCESS,SUCCESS,SUCCESS,0.0058,0.004,0.0036
6,5,SUCCESS,SUCCESS,SUCCESS,0.0062,0.0056,0.0034
6,6,SUCCESS,SUCCESS,SUCCESS,0.007,0.0073,0.0038
6,7,SUCCESS,SUCCESS,SUCCESS,0.0047,0.0035,0.0047
6,8,SUCCESS,SUCCESS,SUCCESS,0.0088,0.0048,0.0045
6,9,SUCCESS,SUCCESS,SUCCESS,0.0068,0.0042,0.0039
7,0,SUCCESS,SUCCESS,SUCCESS,0.006,0.0042,0.0037
7,1,SUCCESS,SUCCESS,SUCCESS,0.0043,0.0039,0.0039
7,2,SUCCESS,SUCCESS,SUCCESS,0.0065,0.0041,0.004
7,3,SUCCESS,SUCCESS,SUCCESS,0.0082,0.0048,0.005
7,4,SUCCESS,SUCCESS,SUCCESS,0.0075,0.0042,0.0048
7,5,SUCCESS,SUCCESS,SUCCESS,0.0063,0.0046,0.0085
7,6,SUCCESS,SUCCESS,SUCCESS,0.0063,0.0034,0.0042
7,7,SUCCESS,SUCCESS,SUCCESS,0.0077,0.0058,0.0053
7,8,SUCCESS,SUCCESS,SUCCESS,0.0069,0.0053,0.0042
7,9,SUCCESS,SUCCESS,SUCCESS,0.0124,0.0051,0.0059
8,0,SUCCESS,SUCCESS,SUCCESS,0.0166,0.0095,0.005
8,1,SUCCESS,SUCCESS,SUCCESS,0.0142,0.0083,0.007
8,2,SUCCESS,SUCCESS,SUCCESS,0.0068,0.01,0.0136
8,3,SUCCESS,SUCCESS,SUCCESS,0.0074,0.0052,0.0145
8,4,SUCCESS,SUCCESS,SUCCESS,0.0083,0.0054,0.0118
8,5,SUCCESS,SUCCESS,SUCCESS,0.0135,0.0064,0.0086
8,6,SUCCESS,SUCCESS,SUCCESS,0.0122,0.0129,0.0047
8,7,SUCCESS,SUCCESS,SUCCESS,0.0075,0.0105,0.0099
8,8,SUCCESS,SUCCESS,SUCCESS,0.0122,0.0059,0.0043
8,9,SUCCESS,SUCCESS,SUCCESS,0.0113,0.0056,0.0074
9,0,SUCCESS,SUCCESS,SUCCESS,0.0066,0.0093,0.0084
9,1,SUCCESS,SUCCESS,SUCCESS,0.0057,0.005,0.0106
9,2,SUCCESS,SUCCESS,SUCCESS,0.008,0.0052,0.0047
9,3,SUCCESS,SUCCESS,SUCCESS,0.0068,0.006,0.0056
9,4,SUCCESS,SUCCESS,SUCCESS,0.0087,0.005,0.0058
9,5,SUCCESS,SUCCESS,SUCCESS,0.0094,0.0052,0.0063
9,6,SUCCESS,SUCCESS,SUCCESS,0.007,0.0058,0.0042
9,7,SUCCESS,SUCCESS,SUCCESS,0.0079,0.005,0.0044
9,8,SUCCESS,SUCCESS,SUCCESS,0.0083,0.0054,0.0058
9,9,SUCCESS,SUCCESS,SUCCESS,0.0087,0.0057,0.0061
10,0,SUCCESS,SUCCESS,SUCCESS,0.0219,0.0072,0.0076
10,1,SUCCESS,SUCCESS,SUCCESS,0.0079,0.006,0.0058
10,2,SUCCESS,SUCCESS,SUCCESS,0.0094,0.0123,0.0141
10,3,SUCCESS,SUCCESS,SUCCESS,0.0132,0.0062,0.005
10,4,SUCCESS,SUCCESS,SUCCESS,0.0132,0.0085,0.015
10,5,SUCCESS,SUCCESS,SUCCESS,0.009,0.0062,0.0064
10,6,SUCCESS,SUCCESS,SUCCESS,0.0099,0.0145,0.0114
10,7,SUCCESS,SUCCESS,SUCCESS,0.0087,0.0058,0.0055
10,8,SUCCESS,SUCCESS,SUCCESS,0.0094,0.0057,0.0055
10,9,SUCCESS,SUCCESS,SUCCESS,0.011,0.0069,0.0056
11,0,SUCCESS,SUCCESS,SUCCESS,0.0092,0.0109,0.0056
11,1,SUCCESS,SUCCESS,SUCCESS,0.0111,0.0058,0.0109
11,2,SUCCESS,SUCCESS,SUCCESS,0.0096,0.0079,0.008
11,3,SUCCESS,SUCCESS,SUCCESS,0.0098,0.0072,0.0092
11,4,SUCCESS,SUCCESS,SUCCESS,0.0102,0.0093,0.0066
11,5,SUCCESS,SUCCESS,SUCCESS,0.01,0.0092,0.007
11,6,SUCCESS,SUCCESS,SUCCESS,0.0086,0.006,0.0053
11,7,SUCCESS,SUCCESS,SUCCESS,0.0091,0.0067,0.005
11,8,SUCCESS,SUCCESS,SUCCESS,0.0156,0.0116,0.0078
11,9,SUCCESS,SUCCESS,SUCCESS,0.0094,0.008,0.0064
12,0,SUCCESS,SUCCESS,SUCCESS,0.0128,0.0127,0.0072
12,1,SUCCESS,SUCCESS,SUCCESS,0.0091,0.0065,0.0066
12,2,SUCCESS,SUCCESS,SUCCESS,0.0116,0.0063,0.0096
12,3,SUCCESS,SUCCESS,SUCCESS,0.0101,0.0073,0.0051
12,4,SUCCESS,SUCCESS,SUCCESS,0.0166,0.0108,0.006
12,5,SUCCESS,SUCCESS,SUCCESS,0.0083,0.0114,0.0055
12,6,SUCCESS,SUCCESS,SUCCESS,0.0187,0.0124,0.0063
12,7,SUCCESS,SUCCESS,SUCCESS,0.0093,0.0067,0.0111
12,8,SUCCESS,SUCCESS,SUCCESS,0.0154,0.0123,0.0093
12,9,SUCCESS,SUCCESS,SUCCESS,0.0117,0.0135,0.0067
13,0,SUCCESS,SUCCESS,SUCCESS,0.0117,0.0102,0.0163
13,1,SUCCESS,SUCCESS,SUCCESS,0.0135,0.0112,0.009
13,2,SUCCESS,SUCCESS,SUCCESS,0.0131,0.0181,0.0134
13,3,SUCCESS,SUCCESS,SUCCESS,0.0105,0.0109,0.0072
13,4,SUCCESS,SUCCESS,SUCCESS,0.0092,0.009,0.0067
13,5,SUCCESS,SUCCESS,SUCCESS,0.0101,0.0093,0.0108
13,6,SUCCESS,SUCCESS,SUCCESS,0.0108,0.0071,0.0102
13,7,SUCCESS,SUCCESS,SUCCESS,0.0124,0.0077,0.0065
13,8,SUCCESS,SUCCESS,SUCCESS,0.0111,0.0076,0.0066
13,9,SUCCESS,SUCCESS,SUCCESS,0.0122,0.0073,0.0065
14,0,SUCCESS,SUCCESS,SUCCESS,0.0124,0.0088,0.0077
14,1,SUCCESS,SUCCESS,SUCCESS,0.009,0.0105,0.009
14,2,SUCCESS,SUCCESS,SUCCESS,0.0125,0.0069,0.0139
14,3,SUCCESS,SUCCESS,SUCCESS,0.0102,0.011,0.0063
14,4,SUCCESS,SUCCESS,SUCCESS,0.0123,0.0137,0.0105
14,5,SUCCESS,SUCCESS,SUCCESS,0.0089,0.0067,0.0083
14,6,SUCCESS,SUCCESS,SUCCESS,0.0096,0.0089,0.0112
14,7,SUCCESS,SUCCESS,SUCCESS,0.0097,0.008,0.0064
14,8,SUCCESS,SUCCESS,SUCCESS,0.0124,0.0171,0.0098
14,9,SUCCESS,SUCCESS,SUCCESS,0.0078,0.0078,0.0077
